DUID,CONNECTIONPOINTID,REGIONID,STATIONID,PARTICIPANTID,TRANSMISSIONLOSSFACTOR,DISTRIBUTIONLOSSFACTOR,SCHEDULE_TYPE,MIN_RAMP_RATE_UP,MIN_RAMP_RATE_DOWN,MAX_RAMP_RATE_UP,MAX_RAMP_RATE_DOWN,VOLTLEVEL,REGISTEREDCAPACITY,AGCCAPABILITY,DISPATCHTYPE,MAXCAPACITY,STARTTYPE,NORMALLYONFLAG,PHYSICALDETAILSFLAG,SPINNINGRESERVEFLAG,INTERMITTENTFLAG,SEMISCHEDULE_FLAG,MAXRATEOFCHANGEUP,MAXRATEOFCHANGEDOWN,CO2E_EMISSIONS_FACTOR,CO2E_ENERGY_SOURCE,STATIONNAME,FUEL_TYPE
ADPMH1,SMVE9D,SA1,ADP,SAWCML,1.0037,1.0312,NON-SCHEDULED,,,0.0,0.0,11.0,1.0,N,GENERATOR,1.0,NOT DISPATCHED,,,,Y,N,0.0,0.0,0.0,Hydro,Adelaide Desalination Plant,Hydro
ADPPV1,SMVE6D,SA1,ADP,SAWCML,1.0037,1.0312,SEMI-SCHEDULED,1.0,1.0,4.0,4.0,11.0,24.0,Y,GENERATOR,19.0,SLOW,,,,Y,Y,4.0,4.0,0.0,Solar,Adelaide Desalination Plant,Solar
ADPPV2,SMVE7D,SA1,ADP,SAWCML,1.0037,1.0312,NON-SCHEDULED,,,0.0,0.0,11.0,1.0,N,GENERATOR,1.0,NOT DISPATCHED,,,,Y,N,0.0,0.0,0.0,Solar,Adelaide Desalination Plant,Solar
ADPPV3,SMVE8D,SA1,ADP,SAWCML,1.0037,1.0312,NON-SCHEDULED,,,0.0,0.0,11.0,1.0,N,GENERATOR,1.0,NOT DISPATCHED,,,,Y,N,0.0,0.0,0.0,Solar,Adelaide Desalination Plant,Solar
AGLHAL,SHPS1,SA1,AGLHAL,HALLETT,0.9663,1.0,SCHEDULED,13.0,13.0,44.0,44.0,275.0,217.0,N,GENERATOR,255.0,FAST,,,,N,N,44.0,44.0,0.64265592,Natural Gas (Pipeline),Hallett Power Station,Fossil
AGLSOM,VTTS1,VIC1,AGLSOM,SOUTHHYD,0.9965,0.9692,SCHEDULED,4.0,4.0,30.0,30.0,66.0,170.0,Y,GENERATOR,170.0,FAST,,,,N,N,30.0,30.0,0.73259474,Natural Gas (Pipeline),Somerton Power Station,Fossil
ALDGASF1,QLCS1A,QLD1,ALDGASF,ALDOGASF,0.9318,1.0,SEMI-SCHEDULED,77.0,77.0,77.0,77.0,275.0,535.0,Y,GENERATOR,387.0,SLOW,,,,Y,Y,77.0,77.0,0.0,Solar,Aldoga Solar Farm,Solar
ANGAST1,SDRN1,SA1,ANGASTON,SNOWY,1.0073,0.998,SCHEDULED,14.0,14.0,14.0,14.0,33.0,50.0,N,GENERATOR,50.0,FAST,,,,N,N,14.0,14.0,0.68575796,Diesel oil,ANGASTON POWER STATION,Fossil
APPIN,NAPP1A,NSW1,APPIN,EDLGRPOP,0.995,0.9972,NON-SCHEDULED,,,0.0,0.0,66.0,55.0,N,GENERATOR,55.0,NOT DISPATCHED,,,,N,N,0.0,0.0,0.56318004,Coal seam methane,Appin Power Plant,Fossil
ARWF1,VART1A,VIC1,ARWF,ARARATWF,0.9031,1.0,SEMI-SCHEDULED,3.0,3.0,50.0,50.0,220.0,241.0,N,GENERATOR,241.0,SLOW,,,,Y,Y,50.0,50.0,0.0,Wind,Ararat Wind Farm,Wind
AVLSF1,NNRN1A,NSW1,AVLSF,BBPEM,0.8698,1.0,SEMI-SCHEDULED,3.0,3.0,38.0,38.0,132.0,254.0,Y,GENERATOR,190.0,SLOW,,,,Y,Y,38.0,38.0,0.0,Solar,Avonlie Solar Farm,Solar
BAKING1,QCHS1C,QLD1,BAKING,BIPCHIN,0.9593,0.959,NON-SCHEDULED,,,1000.0,1000.0,33.0,17.0,N,GENERATOR,14.0,NOT DISPATCHED,,,,Y,N,1000.0,1000.0,0.0,Solar,Baking Board Solar Farm,Solar
BALDHWF1,VMWT9B,VIC1,BHWF,ALNTBHWF,0.9862,1.0109,SEMI-SCHEDULED,3.0,3.0,600.0,600.0,66.0,106.0,N,GENERATOR,106.0,SLOW,,,,Y,Y,600.0,600.0,0.0,Wind,Bald Hills Wind Farm,Wind
BANGOWF1,NBA21B,NSW1,BANGOWF,BWFTRUST,0.9226,1.0,SEMI-SCHEDULED,3.0,3.0,31.0,31.0,132.0,159.0,N,GENERATOR,155.0,SLOW,,,,Y,Y,31.0,31.0,0.0,Wind,Bango 973 Wind Farm,Wind
BANGOWF2,NBB21B,NSW1,BANGOWF2,BANGOWF2,0.9355,1.0,SEMI-SCHEDULED,2.0,2.0,17.0,17.0,132.0,84.0,N,GENERATOR,82.0,SLOW,,,,Y,Y,17.0,17.0,0.0,Wind,Bango 999 Wind Farm,Wind
BANN1,VWES1B,VIC1,BANNSP,ALNTARES,0.8986,0.9826,SEMI-SCHEDULED,2.0,2.0,18.0,18.0,66.0,100.0,N,GENERATOR,88.0,SLOW,,,,Y,Y,18.0,18.0,0.0,Solar,Bannerton Solar Park,Solar
BAPS,VDPS2,VIC1,BAPS,SOUTHHYD,0.9729,1.0,NON-SCHEDULED,,,,,220.0,13.0,N,GENERATOR,13.0,NOT DISPATCHED,,,N,Y,N,,,0.0,Hydro,Banimboola Power Station,Hydro
BARCALDN,QBCG,QLD1,BARCALDN,EEQGEN,0.9392,0.952,SCHEDULED,1.0,1.0,3.0,3.0,132.0,37.0,N,GENERATOR,37.0,FAST,,,,N,N,3.0,3.0,0.79326288,Natural Gas (Pipeline),Barcaldine Power Station,Fossil
BARCSF1,QLLV1B,QLD1,BARCSF,DIAMOND,0.941,1.0,NON-SCHEDULED,,,0.0,0.0,22.0,20.0,N,GENERATOR,20.0,NOT DISPATCHED,,,,Y,N,0.0,0.0,0.0,Solar,Barcaldine Solar Farm,Solar
BARKIPS1,SBPS1B,SA1,BARKIPS,TIPSCO,0.9996,1.0,SCHEDULED,12.0,12.0,42.0,42.0,275.0,211.0,Y,GENERATOR,210.0,FAST,,,,N,N,42.0,42.0,0.56750734,Natural Gas (Pipeline),Barker Inlet Power Station,Fossil
BARRON-1,QBGH1,QLD1,BARRON,CLEANCO,0.9569,1.0,SCHEDULED,1.0,1.0,4.0,4.0,132.0,30.0,N,GENERATOR,33.0,FAST,,,,N,N,4.0,4.0,0.0,Hydro,Barron Gorge Power Station,Hydro
BARRON-2,QBGH2,QLD1,BARRON,CLEANCO,0.9569,1.0,SCHEDULED,1.0,1.0,4.0,4.0,132.0,30.0,N,GENERATOR,33.0,FAST,,,,N,N,4.0,4.0,0.0,Hydro,Barron Gorge Power Station,Hydro
BASTYAN,TFA11,TAS1,BASTYAN,HYDROTAS,0.934,1.0,SCHEDULED,2.0,2.0,40.0,40.0,220.0,80.0,Y,GENERATOR,88.0,SLOW,,,,N,N,40.0,40.0,0.0,Hydro,Bastyan Power Station,Hydro
BBTHREE1,TBB11,TAS1,BBP31,HYDROTAS,0.9986,1.0,SCHEDULED,1.0,1.0,10.0,10.0,110.0,35.0,N,GENERATOR,49.0,FAST,,,,N,N,10.0,10.0,0.6187694,Natural Gas (Pipeline),Bell Bay Three Power Station,Fossil
BBTHREE2,TBB12,TAS1,BBP31,HYDROTAS,0.9986,1.0,SCHEDULED,1.0,1.0,10.0,10.0,110.0,35.0,N,GENERATOR,49.0,FAST,,,,N,N,10.0,10.0,0.6187694,Natural Gas (Pipeline),Bell Bay Three Power Station,Fossil
BBTHREE3,TBB13,TAS1,BBP31,HYDROTAS,0.9986,1.0,SCHEDULED,1.0,1.0,10.0,10.0,110.0,35.0,N,GENERATOR,49.0,FAST,,,,N,N,10.0,10.0,0.6187694,Natural Gas (Pipeline),Bell Bay Three Power Station,Fossil
BDL01,VMWT2,VIC1,DEIBDL,ALNTARES,0.9816,1.0118,SCHEDULED,1.0,1.0,4.0,4.0,66.0,46.0,N,GENERATOR,48.0,FAST,,,,N,N,4.0,4.0,0.53704892,Natural Gas (Pipeline),Bairnsdale Power Station,Fossil
BDL02,VMWT3,VIC1,DEIBDL,ALNTARES,0.9816,1.0118,SCHEDULED,1.0,1.0,4.0,4.0,66.0,46.0,N,GENERATOR,48.0,FAST,,,,N,N,4.0,4.0,0.53704892,Natural Gas (Pipeline),Bairnsdale Power Station,Fossil
BDONGHYD,NWL81B,NSW1,BDONGHYD,SOUTHHYD,0.9793,1.0,NON-SCHEDULED,,,0.0,0.0,132.0,19.0,N,GENERATOR,19.0,NOT DISPATCHED,,,,N,N,0.0,0.0,0.0,Hydro,Burrendong Hydro Power Station,Hydro
BERYLSF1,NBES1B,NSW1,BERYLSF,FSNSW,0.9284,1.0,SEMI-SCHEDULED,2.0,2.0,88.0,88.0,66.0,98.0,N,GENERATOR,87.0,SLOW,,,,Y,Y,88.0,88.0,0.0,Solar,Beryl Solar Farm,Solar
BLNKTAS,TGT11,TAS1,BASSLINK,BASSLINK,1.0,1.0,NON-SCHEDULED,,,,,220.0,480.0,N,GENERATOR,480.0,NOT DISPATCHED,,,N,N,N,,,,,Basslink HVDC Link,
BLNKVIC,VLYP13,VIC1,BASSLINK,BASSLINK,0.9907,1.0,NON-SCHEDULED,,,,,500.0,594.0,N,GENERATOR,594.0,NOT DISPATCHED,,,N,N,N,,,,,Basslink HVDC Link,
BLOWERNG,NBLW8,NSW1,SNOWY6,SNOWY,0.9209,1.0,SCHEDULED,2.0,2.0,10.0,10.0,132.0,80.0,N,GENERATOR,80.0,SLOW,,,,N,N,10.0,10.0,0.0,Hydro,Blowering Power Station,Hydro
BLUEGSF1,QCBS1B,QLD1,BLUEGSF,XELIO,0.9543,1.0,SEMI-SCHEDULED,3.0,3.0,30.0,30.0,132.0,183.0,Y,GENERATOR,148.0,SLOW,,,,Y,Y,30.0,30.0,0.0,Solar,Blue Grass Solar Farm,Solar
BLUFF1,SBEL2P,SA1,BLUFF,TIPSCO,0.9579,1.0,SEMI-SCHEDULED,1.0,1.0,30.0,30.0,275.0,53.0,N,GENERATOR,53.0,SLOW,,,,Y,Y,30.0,30.0,0.0,Wind,The Bluff Wind Farm,Wind
BNGSF1,SBEM1B,SA1,BNGSF1,BUNGALA1,0.9725,1.0,SEMI-SCHEDULED,3.0,3.0,25.0,25.0,132.0,135.0,N,GENERATOR,110.0,SLOW,,,,Y,Y,25.0,25.0,0.0,Solar,Bungala One Solar Farm,Solar
BNGSF2,SBEM2B,SA1,BNGSF2,BUNGALA2,0.9725,1.0,SEMI-SCHEDULED,3.0,3.0,25.0,25.0,132.0,135.0,N,GENERATOR,110.0,SLOW,,,,Y,Y,25.0,25.0,0.0,Solar,Bungala Two Solar Farm,Solar
BOCORWF1,NCMA3B,NSW1,BOCOROCK,BOCOROCK,0.9557,0.9804,SEMI-SCHEDULED,3.0,3.0,201.0,201.0,132.0,113.0,Y,GENERATOR,113.0,SLOW,,,,Y,Y,201.0,201.0,0.0,Wind,Boco Rock Wind Farm,Wind
BODWF1,NBOD1B,NSW1,BODWF,BODWF1,0.9638,1.0,SEMI-SCHEDULED,3.0,3.0,50.0,50.0,132.0,113.0,N,GENERATOR,111.0,SLOW,,,,Y,Y,50.0,50.0,0.0,Wind,Bodangora Wind Farm,Wind
BOLIVAR1,SPGW1B,SA1,BOLIVAR,SAWCML,0.9999,0.9919,NON-SCHEDULED,,,0.0,0.0,11.0,9.0,N,GENERATOR,7.0,NOT DISPATCHED,,,,N,N,0.0,0.0,0.02008064,Other Biofuels,Bolivar Waste Water Treatment Plant,Biofuel
BOLIVPS1,SPGG1B,SA1,BOLIVPS,BBPEM,1.0,0.9978,SCHEDULED,4.0,4.0,26.0,26.0,66.0,128.0,Y,GENERATOR,127.0,FAST,,,,N,N,26.0,26.0,0.54160075,Natural Gas (Pipeline),Bolivar Power Station,Fossil
BOMENSF1,NWGS1B,NSW1,BOMENSF,BOMENSF,0.9187,1.0,SEMI-SCHEDULED,3.0,3.0,18.0,18.0,132.0,121.0,N,GENERATOR,100.0,SLOW,,,,Y,Y,18.0,18.0,0.0,Solar,Bomen Solar Farm,Solar
BOWWDG1,SPGW5B,SA1,BOLIVAR,SAWCML,0.9999,0.9919,NON-SCHEDULED,,,1.0,1.0,11.0,1.0,N,GENERATOR,1.0,NOT DISPATCHED,,,,N,N,1.0,1.0,0.956,Diesel oil,Bolivar Waste Water Treatment Plant,Fossil
BOWWPV1,SPGW2B,SA1,BOLIVAR,SAWCML,0.9999,0.9919,SEMI-SCHEDULED,1.0,1.0,2.0,2.0,11.0,8.0,N,GENERATOR,6.0,SLOW,,,,Y,Y,2.0,2.0,0.0,Solar,Bolivar Waste Water Treatment Plant,Solar
BPLANDF1,QLGH3B,QLD1,BPLANDF,EDLLFGQ,1.0099,1.0,NON-SCHEDULED,,,1.0,1.0,11.0,2.0,N,GENERATOR,2.0,NOT DISPATCHED,,,,N,N,1.0,1.0,0.0717325,Landfill biogas methane,Browns Plains Landfill Gas PS,Biofuel
BRAEMAR1,QBRA1,QLD1,BRAEMARA,NEWGEN,0.9667,1.0,SCHEDULED,3.0,3.0,43.0,43.0,275.0,168.0,Y,GENERATOR,188.0,FAST,,,,N,N,43.0,43.0,0.61652758,Coal seam methane,Braemar Power Station,Fossil
BRAEMAR2,QBRA2,QLD1,BRAEMARA,NEWGEN,0.9667,1.0,SCHEDULED,3.0,3.0,43.0,43.0,275.0,168.0,Y,GENERATOR,188.0,FAST,,,,N,N,43.0,43.0,0.61652758,Coal seam methane,Braemar Power Station,Fossil
BRAEMAR3,QBRA3,QLD1,BRAEMARA,NEWGEN,0.9667,1.0,SCHEDULED,3.0,3.0,43.0,43.0,275.0,168.0,Y,GENERATOR,188.0,FAST,,,,N,N,43.0,43.0,,,Braemar Power Station,
BRAEMAR5,QBRA5B,QLD1,B2PS,B2PS,0.9667,1.0,SCHEDULED,3.0,3.0,35.0,35.0,275.0,173.0,Y,GENERATOR,173.0,FAST,,,,N,N,35.0,35.0,0.61652758,Coal seam methane,BRAEMAR 2 POWER STATION,Fossil
BRAEMAR6,QBRA6B,QLD1,B2PS,B2PS,0.9667,1.0,SCHEDULED,3.0,3.0,35.0,35.0,275.0,173.0,Y,GENERATOR,173.0,FAST,,,,N,N,35.0,35.0,,,BRAEMAR 2 POWER STATION,
BRAEMAR7,QBRA7B,QLD1,B2PS,B2PS,0.9667,1.0,SCHEDULED,3.0,3.0,35.0,35.0,275.0,173.0,Y,GENERATOR,173.0,FAST,,,,N,N,35.0,35.0,0.61652758,Coal seam methane,BRAEMAR 2 POWER STATION,Fossil
BROKENH1,NBK11B,NSW1,BROKENH,TLTSFS,0.8642,1.0,SEMI-SCHEDULED,1.0,1.0,20.0,20.0,22.0,53.0,N,GENERATOR,53.0,SLOW,,,,Y,Y,20.0,20.0,0.0,Solar,Broken Hill Solar Plant,Solar
BROOKLYN,VBL61,VIC1,BROOKLYN,EDLLFGV,1.0047,1.0,NON-SCHEDULED,,,0.0,0.0,22.0,3.0,N,GENERATOR,3.0,NOT DISPATCHED,,,,N,N,0.0,0.0,0.0717325,Landfill biogas methane,Brooklyn LFG U1-3,Biofuel
BROWNMT,NCMA1,NSW1,BROWNMT,GREENSP,0.9792,1.0,NON-SCHEDULED,,,0.0,0.0,66.0,5.0,N,GENERATOR,6.0,NOT DISPATCHED,,,,N,N,0.0,0.0,0.0,Hydro,Brown Mountain Hydro Power Station,Hydro
BRYB1WF1,VBBT1B,VIC1,BRYB1WF,BERYBKWF,0.9465,1.0,SEMI-SCHEDULED,3.0,3.0,36.0,36.0,220.0,180.0,N,GENERATOR,175.0,SLOW,,,,Y,Y,36.0,36.0,0.0,Wind,Berrybank 1 Wind Farm,Wind
BRYB2WF2,VBBT2B,VIC1,BRYB2WF,BERBANKW,0.9465,1.0,SEMI-SCHEDULED,3.0,3.0,21.0,21.0,220.0,109.0,Y,GENERATOR,105.0,SLOW,,,,Y,Y,21.0,21.0,0.0,Wind,Berrybank 2 Wind Farm,Wind
BULGANA1,VBGT1B,VIC1,BULGANA,BULGANA,0.8907,1.0,SEMI-SCHEDULED,3.0,3.0,41.0,41.0,220.0,204.0,Y,GENERATOR,204.0,SLOW,,,,Y,Y,41.0,41.0,0.0,Wind,Bulgana Green Power Hub,Wind
BURRIN,NBUK,NSW1,BURRIN,GSPOWER,0.9597,1.0,NON-SCHEDULED,,,2.0,2.0,132.0,34.0,N,GENERATOR,34.0,NOT DISPATCHED,,,,N,N,2.0,2.0,0.0,Hydro,Burrinjuck Hydro Power Station,Hydro
BUTLERSG,TBG11,TAS1,BUTLERSG,HYDROTAS,0.9396,1.0,NON-SCHEDULED,,,,,110.0,14.0,N,GENERATOR,15.0,NOT DISPATCHED,,,N,Y,N,,,0.0,Hydro,Butlers Gorge Power Station,Hydro
BW01,NBAY1,NSW1,BAYSW,MACQGEN,0.9637,1.0,SCHEDULED,3.0,3.0,132.0,132.0,330.0,660.0,Y,GENERATOR,660.0,SLOW,,,,N,N,132.0,132.0,0.88920196,Black coal,Bayswater Power Station,Fossil
BW02,NBAY2,NSW1,BAYSW,MACQGEN,0.9637,1.0,SCHEDULED,3.0,3.0,137.0,137.0,330.0,660.0,Y,GENERATOR,685.0,SLOW,,,,N,N,137.0,137.0,0.88920196,Black coal,Bayswater Power Station,Fossil
BW03,NBAY3,NSW1,BAYSW,MACQGEN,0.9632,1.0,SCHEDULED,3.0,3.0,137.0,137.0,500.0,660.0,Y,GENERATOR,685.0,SLOW,,,,N,N,137.0,137.0,0.88920196,Black coal,Bayswater Power Station,Fossil
BW04,NBAY4,NSW1,BAYSW,MACQGEN,0.9632,1.0,SCHEDULED,3.0,3.0,137.0,137.0,500.0,660.0,Y,GENERATOR,685.0,SLOW,,,,N,N,137.0,137.0,0.88920196,Black coal,Bayswater Power Station,Fossil
BWTR1,NLS21B,NSW1,BWTR1,CAPEBYRN,0.9518,0.945,NON-SCHEDULED,,,0.0,0.0,66.0,38.0,N,GENERATOR,38.0,NOT DISPATCHED,,,,N,N,0.0,0.0,0.01561827,Bagasse,Broadwater Power Station,Biofuel
CALLNL1,QCAX,QLD1,CALLIDE,CSENERGY,0.9298,1.0,NON-SCHEDULED,,,,,330.0,25.0,N,GENERATOR,30.0,NOT DISPATCHED,,,N,N,N,,,0.94284091,Black coal,Callide Power Station,Fossil
CALL_B_1,QCAB1,QLD1,CALLIDE,CSENERGY,0.9252,1.0,SCHEDULED,3.0,3.0,70.0,70.0,275.0,350.0,Y,GENERATOR,350.0,SLOW,,,,N,N,70.0,70.0,0.94284091,Black coal,Callide Power Station,Fossil
CALL_B_2,QCAB2,QLD1,CALLIDE,CSENERGY,0.9252,1.0,SCHEDULED,3.0,3.0,70.0,70.0,275.0,350.0,Y,GENERATOR,350.0,SLOW,,,,N,N,70.0,70.0,0.94284091,Black coal,Callide Power Station,Fossil
CAPTL_WF,NCWF1R,NSW1,CAPTL_WF,BBPEM,0.9649,1.0,NON-SCHEDULED,,,,,330.0,140.0,N,GENERATOR,140.0,NOT DISPATCHED,,,N,Y,N,,,0.0,Wind,Capital Wind Farm,Wind
CATHROCK,SCRK,SA1,CATHROCK,CATHROCK,0.9467,1.0,SEMI-SCHEDULED,1.0,1.0,14.0,14.0,132.0,66.0,N,GENERATOR,66.0,SLOW,,,,Y,Y,14.0,14.0,0.0,Wind,CATHEDRAL ROCKS,Wind
CBWF1,VBE61C,VIC1,CBWF,CBWF,1.0166,0.9105,NON-SCHEDULED,,,0.0,0.0,66.0,20.0,N,GENERATOR,20.0,NOT DISPATCHED,,,,N,N,0.0,0.0,0.0,Wind,Coonoer Bridge Wind Farm,Wind
CBWWBG1,SMVE11,SA1,CBWW,SAWCML,1.0037,1.0297,NON-SCHEDULED,,,0.0,0.0,11.0,1.0,N,GENERATOR,1.0,NOT DISPATCHED,,,,N,N,0.0,0.0,0.357,Other Biofuels,Christies Beach WWTP,Biofuel
CBWWDG1,SMVE12,SA1,CBWW,SAWCML,1.0037,1.0297,NON-SCHEDULED,,,0.0,0.0,11.0,2.0,N,GENERATOR,1.0,NOT DISPATCHED,,,,N,N,0.0,0.0,0.785,Diesel oil,Christies Beach WWTP,Fossil
CBWWDG2,SMVE13,SA1,CBWW,SAWCML,1.0037,1.0297,NON-SCHEDULED,,,0.0,0.0,11.0,1.0,N,GENERATOR,1.0,NOT DISPATCHED,,,,N,N,0.0,0.0,0.785,Diesel oil,Christies Beach WWTP,Fossil
CBWWPV1,SMVE9C,SA1,CBWW,SAWCML,1.0037,1.0297,NON-SCHEDULED,,,0.0,0.0,11.0,2.0,N,GENERATOR,2.0,NOT DISPATCHED,,,,Y,N,0.0,0.0,0.0,Solar,Christies Beach WWTP,Solar
CBWWPV2,SMVE10,SA1,CBWW,SAWCML,1.0037,1.0297,NON-SCHEDULED,,,0.0,0.0,11.0,1.0,N,GENERATOR,1.0,NOT DISPATCHED,,,,Y,N,0.0,0.0,0.0,Solar,Christies Beach WWTP,Solar
CESF1,AQB21C,NSW1,CESF,INFIGENH,0.9954,1.0,NON-SCHEDULED,,,0.0,0.0,1.0,1.0,N,GENERATOR,1.0,NOT DISPATCHED,,,,Y,N,0.0,0.0,0.0,Solar,Capital East Solar Farm,Solar
CETHANA,TCE11,TAS1,CETHANA,HYDROTAS,0.9473,1.0,SCHEDULED,3.0,3.0,40.0,40.0,220.0,85.0,Y,GENERATOR,100.0,SLOW,,,,N,N,40.0,40.0,0.0,Hydro,Cethana Power Station,Hydro
CG1,NCLG1D,NSW1,COLONGRA,SNOWY,0.9849,1.0,SCHEDULED,3.0,3.0,34.0,34.0,330.0,181.0,Y,GENERATOR,181.0,FAST,,,,N,N,34.0,34.0,0.62544893,Natural Gas (Pipeline),Colongra Power Station,Fossil
CG2,NCLG2D,NSW1,COLONGRA,SNOWY,0.9849,1.0,SCHEDULED,3.0,3.0,34.0,34.0,330.0,181.0,Y,GENERATOR,181.0,FAST,,,,N,N,34.0,34.0,,,Colongra Power Station,
CG3,NCLG3D,NSW1,COLONGRA,SNOWY,0.9849,1.0,SCHEDULED,3.0,3.0,34.0,34.0,330.0,181.0,Y,GENERATOR,181.0,FAST,,,,N,N,34.0,34.0,0.62544893,Natural Gas (Pipeline),Colongra Power Station,Fossil
CG4,NCLG4D,NSW1,COLONGRA,SNOWY,0.9849,1.0,SCHEDULED,3.0,3.0,34.0,34.0,330.0,181.0,Y,GENERATOR,181.0,FAST,,,,N,N,34.0,34.0,,,Colongra Power Station,
CHALLHWF,VHOT1,VIC1,CHALLWF,CHALLHWF,0.9825,0.9404,NON-SCHEDULED,,,0.0,0.0,66.0,52.0,N,GENERATOR,52.0,NOT DISPATCHED,,,,Y,N,0.0,0.0,0.0,Wind,Challicum Hills Wind Farm,Wind
CHILDSF1,QTBS1C,QLD1,CHILDSF,CSF1,0.9772,0.996,SEMI-SCHEDULED,1.0,1.0,192.0,192.0,33.0,64.0,N,GENERATOR,56.0,SLOW,,,,Y,Y,192.0,192.0,0.0,Solar,Childers Solar Farm,Solar
CHYTWF1,VSM71C,VIC1,CHYTWF,CHERRYWF,0.998,1.0178,SEMI-SCHEDULED,1.0,1.0,12.0,12.0,66.0,57.0,N,GENERATOR,57.0,SLOW,,,,Y,Y,12.0,12.0,0.0,Wind,Cherry Tree Wind Farm,Wind
CLARESF1,QCLA1C,QLD1,CLARESF,CLARESF1,0.9363,1.0,SEMI-SCHEDULED,3.0,3.0,12.0,12.0,132.0,110.0,N,GENERATOR,100.0,SLOW,,,,Y,Y,12.0,12.0,0.0,Solar,Clare Solar Farm,Solar
CLAYTON,VSV21B,VIC1,CLAYTON,EDLLFGV,0.9977,1.0075,NON-SCHEDULED,,,0.0,0.0,22.0,11.0,N,GENERATOR,11.0,NOT DISPATCHED,,,,N,N,0.0,0.0,0.0717325,Landfill biogas methane,Clayton Landfill Gas Power Station,Biofuel
CLEMGPWF,SCGW1P,SA1,CLEMGPWF,CLEMGPWF,0.9604,1.0,SEMI-SCHEDULED,1.0,1.0,30.0,30.0,132.0,57.0,N,GENERATOR,57.0,SLOW,,,,Y,Y,30.0,30.0,0.0,Wind,Clements Gap Wind Farm,Wind
CLERMSF1,QLLV3C,QLD1,CLERMSF,CLERMSF,0.941,0.967,SEMI-SCHEDULED,2.0,2.0,90.0,90.0,66.0,92.0,N,GENERATOR,75.0,SLOW,,,,Y,Y,90.0,90.0,0.0,Solar,Clermont Solar Farm,Solar
CLOVER,VMBT1,VIC1,CLOVER,SOUTHHYD,1.0191,0.9947,NON-SCHEDULED,,,0.0,0.0,66.0,34.0,N,GENERATOR,37.0,NOT DISPATCHED,,,,Y,N,0.0,0.0,0.0,Hydro,CLOVER POWER STATION,Hydro
CLRKCWF1,QBSW1C,QLD1,CLRKCRWF,STANCCWF,0.943,1.0,SEMI-SCHEDULED,68.0,68.0,68.0,68.0,275.0,346.0,N,GENERATOR,338.0,SLOW,,,,Y,Y,68.0,68.0,0.0,Wind,Clarke Creek Wind Farm,Wind
CLRKCWF2,QBSW2C,QLD1,CLRKCRWF,STANCCWF,0.943,1.0,SEMI-SCHEDULED,21.0,21.0,21.0,21.0,275.0,103.0,Y,GENERATOR,101.0,SLOW,,,,Y,Y,21.0,21.0,0.0,Wind,Clarke Creek Wind Farm,Wind
CLUNY,TCL11,TAS1,CLUNY,HYDROTAS,0.9857,1.0,NON-SCHEDULED,,,0.0,0.0,220.0,19.0,Y,GENERATOR,22.0,NOT DISPATCHED,,,,Y,N,0.0,0.0,0.0,Hydro,Cluny Power Station,Hydro
CNUNDAWF,SSNN1,SA1,CANUNDA1,CNUNDAWF,0.9333,0.9761,SEMI-SCHEDULED,1.0,1.0,10.0,10.0,33.0,46.0,N,GENERATOR,46.0,SLOW,,,,Y,Y,10.0,10.0,0.0,Wind,CANUNDA WIND FARM ,Wind
CODRNGTON,VTGT2C,VIC1,CODRGTON,EPVIC1,1.0018,1.0125,NON-SCHEDULED,,,0.0,0.0,66.0,18.0,N,GENERATOR,18.0,NOT DISPATCHED,,,,Y,N,0.0,0.0,0.0,Wind,Codrington Wind Farm,Wind
COHUNSF1,VKGS2C,VIC1,COHUNA,ENELAUS,0.9305,0.9955,SEMI-SCHEDULED,1.0,1.0,6.0,6.0,22.0,31.0,N,GENERATOR,27.0,SLOW,,,,Y,Y,6.0,6.0,0.0,Solar,Cohuna Solar Farm,Solar
COLEASF1,NCLS1C,NSW1,COLEASF,COLEAMSF,0.873,1.0,SEMI-SCHEDULED,3.0,3.0,30.0,30.0,132.0,180.0,N,GENERATOR,150.0,SLOW,,,,Y,Y,30.0,30.0,0.0,Solar,Coleambally Solar Farm,Solar
COLUMSF1,QCBR1C,QLD1,COLUMSF,COLUMSF,0.9865,1.0,SEMI-SCHEDULED,3.0,3.0,33.0,33.0,132.0,217.0,Y,GENERATOR,162.0,SLOW,,,,Y,Y,33.0,33.0,0.0,Solar,Columboola Solar Farm,Solar
COLWF01,NCLW1C,NSW1,COLLECWF,COLLECWF,0.9628,1.0,SEMI-SCHEDULED,3.0,3.0,44.0,44.0,330.0,226.0,Y,GENERATOR,219.0,SLOW,,,,Y,Y,44.0,44.0,0.0,Wind,Collector Wind Farm,Wind
CONDONG1,NTNR1C,NSW1,CONDONG1,CAPEBYRN,0.8811,0.9975,NON-SCHEDULED,,,0.0,0.0,66.0,30.0,N,GENERATOR,30.0,NOT DISPATCHED,,,,N,N,0.0,0.0,0.01561827,Bagasse,Condong Power Station,Biofuel
COOPGWF1,QCPG1C,QLD1,COOPGWF,COOPGWF,0.9691,1.0,SEMI-SCHEDULED,3.0,3.0,100.0,100.0,275.0,452.0,N,GENERATOR,440.0,SLOW,,,,Y,Y,100.0,100.0,0.0,Wind,Coopers Gap Wind Farm,Wind
COPTNHYD,NNVL1C,NSW1,COPTNHYD,SOUTHHYD,0.9159,0.981,NON-SCHEDULED,,,0.0,0.0,66.0,23.0,N,GENERATOR,23.0,,,,,N,N,0.0,0.0,0.0,Hydro,Copeton Hydro Power Station,Hydro
CPP_3,QCAC3,QLD1,CALLIDEC,CAPTPL,0.9222,1.0,SCHEDULED,3.0,3.0,84.0,84.0,275.0,420.0,Y,GENERATOR,466.0,SLOW,,,,N,N,84.0,84.0,0.87395274,Black coal,CALLIDE C NETT OFF,Fossil
CPP_4,QCAC4,QLD1,CALLIDEC,CAPTPL,0.9222,1.0,SCHEDULED,3.0,3.0,94.0,94.0,275.0,420.0,Y,GENERATOR,466.0,SLOW,,,,N,N,94.0,94.0,0.87395274,Black coal,CALLIDE C NETT OFF,Fossil
CPSA,QCND1C,QLD1,CPSA,QGCSALE1,0.9724,1.0,SCHEDULED,3.0,3.0,29.0,29.0,132.0,144.0,Y,GENERATOR,144.0,SLOW,,,,N,N,29.0,29.0,0.44878003,Natural Gas (Pipeline),Condamine Power Station A,Fossil
CROOKWF2,NCKW1C,NSW1,CROOKWF2,CROOKWD,0.9644,1.0,SEMI-SCHEDULED,2.0,2.0,19.0,19.0,33.0,96.0,N,GENERATOR,91.0,SLOW,,,,Y,Y,19.0,19.0,0.0,Wind,Crookwell 2 Wind Farm,Wind
CROOKWF3,NCW31C,NSW1,CROOKWF3,CROOKWD3,0.962,1.0,SEMI-SCHEDULED,1.0,1.0,12.0,12.0,33.0,57.0,N,GENERATOR,56.0,SLOW,,,,Y,Y,12.0,12.0,0.0,Wind,Crookwell 3 Wind Farm,Wind
CROWLWF1,VCWL1C,VIC1,CROWLWF,CROWLDWF,0.9004,1.0,SEMI-SCHEDULED,2.0,2.0,39.0,39.0,220.0,79.0,N,GENERATOR,79.0,SLOW,,,,Y,Y,39.0,39.0,0.0,Wind,Crowlands Wind Farm,Wind
CRURWF1,NCDS1C,NSW1,CRURWF,CRUDINE,0.9409,1.0,SEMI-SCHEDULED,3.0,3.0,27.0,27.0,132.0,141.0,N,GENERATOR,138.0,SLOW,,,,Y,Y,27.0,27.0,0.0,Wind,Crudine Ridge Wind Farm,Wind
CRWARP1,VCPT1C,VIC1,CRWARPSF,CARWARP,0.8883,1.0,SEMI-SCHEDULED,30.0,30.0,30.0,30.0,220.0,186.0,Y,GENERATOR,150.0,SLOW,,,,Y,Y,30.0,30.0,0.0,Solar,Carwarp Solar Farm,Solar
CRWASF1,NAL11C,NSW1,CRWASF,COROWASF,0.9355,0.9897,SEMI-SCHEDULED,1.0,1.0,6.0,6.0,22.0,36.0,Y,GENERATOR,30.0,SLOW,,,,Y,Y,6.0,6.0,0.0,Solar,Corowa Solar Farm,Solar
CSPVPS1,QCOS1C,QLD1,CSPVPS,NEWGEN,0.9413,0.999,SEMI-SCHEDULED,1.0,1.0,8.0,8.0,33.0,42.0,N,GENERATOR,40.0,SLOW,,,,Y,Y,8.0,8.0,0.0,Solar,Collinsville Solar PV Power Station,Solar
CTHLWF1,TWC11C,TAS1,CTHLWF,WILDCATL,0.9924,1.0,SEMI-SCHEDULED,3.0,3.0,29.0,29.0,220.0,148.0,N,GENERATOR,144.0,SLOW,,,,Y,Y,29.0,29.0,0.0,Wind,Cattle Hill Wind Farm,Wind
CULLRGWF,NYS11C,NSW1,CULLERIN,CULLRGWF,0.9521,0.9766,NON-SCHEDULED,,,,,132.0,30.0,N,GENERATOR,30.0,NOT DISPATCHED,,,N,Y,N,,,0.0,Wind,Cullerin Range Wind Farm,Wind
CUSF1,NCRN1C,NSW1,CUSF,CUSF,0.9278,1.0,SEMI-SCHEDULED,70.0,70.0,70.0,70.0,330.0,466.0,Y,GENERATOR,350.0,SLOW,,,,Y,Y,70.0,70.0,0.0,Solar,Culcairn Solar Farm,Solar
DARLSF1,NDNS1D,NSW1,DARLSF,DARLSF,0.8854,1.0,SEMI-SCHEDULED,3.0,3.0,55.0,55.0,132.0,324.0,N,GENERATOR,275.0,SLOW,,,,Y,Y,55.0,55.0,0.0,Solar,Darlington Point Solar Farm,Solar
DARTM1,VDPS,VIC1,DARTM,SOUTHHYD,0.9729,1.0,SCHEDULED,3.0,3.0,60.0,60.0,220.0,185.0,Y,GENERATOR,185.0,FAST,,,,N,N,60.0,60.0,0.0,Hydro,DARTMOUTH POWER STATION,Hydro
DAYDSF1,QCCK1D,QLD1,DAYDSF,DAYDSF,0.9396,1.0,SEMI-SCHEDULED,3.0,3.0,165.0,165.0,33.0,167.0,N,GENERATOR,150.0,SLOW,,,,Y,Y,165.0,165.0,0.0,Solar,Daydream Solar Farm,Solar
DDPS1,QBRA8D,QLD1,DDPS1,BORAL,0.9667,1.0,SCHEDULED,10.0,10.0,10.0,10.0,275.0,644.0,Y,GENERATOR,663.0,SLOW,,,,N,N,10.0,10.0,0.42066783,Natural Gas (Pipeline),Darling Downs Power Station,Fossil
DDSF1,QBRS1D,QLD1,DDSF,DDSF,0.9849,1.0,SEMI-SCHEDULED,3.0,3.0,21.0,21.0,275.0,121.0,N,GENERATOR,108.0,SLOW,,,,Y,Y,21.0,21.0,0.0,Solar,Darling Downs Solar Farm,Solar
DEVILS_G,TDG11,TAS1,DEVILS_G,HYDROTAS,0.9616,1.0,SCHEDULED,2.0,2.0,40.0,40.0,110.0,60.0,Y,GENERATOR,67.0,SLOW,,,,N,N,40.0,40.0,0.0,Hydro,Devils Gate Power Station,Hydro
DIAPURWF1,VHOG2D,VIC1,DIAPURWF,YESSA,0.8959,1.0,NON-SCHEDULED,,,5.0,5.0,22.0,8.0,N,GENERATOR,7.0,NOT DISPATCHED,,,,Y,N,5.0,5.0,0.0,Wind,Diapur Wind Farm,Wind
DRYCGT1,SDCA1,SA1,DRYCGT,PEAKCO,0.9988,1.0,SCHEDULED,1.0,1.0,12.0,12.0,66.0,52.0,N,GENERATOR,57.0,FAST,,,,N,N,12.0,12.0,0.89218934,Natural Gas (Pipeline),Dry Creek Gas Turbine Station,Fossil
DRYCGT2,SDCA2,SA1,DRYCGT,PEAKCO,0.9988,1.0,SCHEDULED,1.0,1.0,12.0,12.0,66.0,52.0,N,GENERATOR,57.0,FAST,,,,N,N,12.0,12.0,0.89218934,Natural Gas (Pipeline),Dry Creek Gas Turbine Station,Fossil
DRYCGT3,SDCA3,SA1,DRYCGT,PEAKCO,0.9988,1.0,SCHEDULED,1.0,1.0,12.0,12.0,66.0,52.0,N,GENERATOR,57.0,FAST,,,,N,N,12.0,12.0,0.89218934,Natural Gas (Pipeline),Dry Creek Gas Turbine Station,Fossil
DRYCNL,SKLB,SA1,DRYCGT,PEAKCO,1.0013,1.0,NON-SCHEDULED,,,,,330.0,25.0,N,GENERATOR,30.0,NOT DISPATCHED,,,N,N,N,,,0.89218934,Natural Gas (Pipeline),Dry Creek Gas Turbine Station,Fossil
DULAWF1,QCBF1D,QLD1,DULAWF1,DULACCA,0.9853,0.987,SEMI-SCHEDULED,3.0,3.0,35.0,35.0,132.0,180.0,Y,GENERATOR,173.0,SLOW,,,,Y,Y,35.0,35.0,0.0,Wind,Dulacca Wind Farm,Wind
DUNDWF1,VM051D,VIC1,DUNDWF,DUNDWF,0.9845,1.0,SEMI-SCHEDULED,3.0,3.0,34.0,34.0,500.0,168.0,N,GENERATOR,168.0,SLOW,,,,Y,Y,34.0,34.0,0.0,Wind,Dundonnell Wind Farm,Wind
DUNDWF2,VM052D,VIC1,DUNDWF,DUNDWF,0.9845,1.0,SEMI-SCHEDULED,1.0,1.0,10.0,10.0,500.0,46.0,N,GENERATOR,46.0,SLOW,,,,Y,Y,10.0,10.0,0.0,Wind,Dundonnell Wind Farm,Wind
DUNDWF3,VM053D,VIC1,DUNDWF,DUNDWF,0.9845,1.0,SEMI-SCHEDULED,3.0,3.0,25.0,25.0,500.0,121.0,N,GENERATOR,122.0,SLOW,,,,Y,Y,25.0,25.0,0.0,Wind,Dundonnell Wind Farm,Wind
EASTCRK,NSW21,NSW1,EASTCRK,EDLLFGN,1.0016,1.0,NON-SCHEDULED,,,0.0,0.0,11.0,5.0,N,GENERATOR,5.0,NOT DISPATCHED,,,,N,N,0.0,0.0,0.0717325,Landfill biogas methane,Eastern Creek LFG PS Units 1-4,Biofuel
EASTCRK2,NSW23L,NSW1,EASTCRK2,LMSENE,1.0016,1.0,NON-SCHEDULED,,,0.0,0.0,33.0,6.0,N,GENERATOR,6.0,NOT DISPATCHED,,,,N,N,0.0,0.0,0.0717325,Landfill biogas methane,Eastern Creek 2 Gas Utilisation Facility,Biofuel
EDENVSF1,QORS1E,QLD1,EDENVSF,EDENVALE,0.9823,1.0,SEMI-SCHEDULED,3.0,3.0,30.0,30.0,275.0,180.0,Y,GENERATOR,146.0,SLOW,,,,Y,Y,30.0,30.0,0.0,Solar,Edenvale Solar Park,Solar
EILDON1,VEPS1,VIC1,EILDON,SOUTHHYD,0.9945,1.0,SCHEDULED,2.0,2.0,20.0,20.0,220.0,60.0,Y,GENERATOR,60.0,FAST,,,,N,N,20.0,20.0,0.0,Hydro,EILDON POWER STATION,Hydro
EILDON2,VEPS2,VIC1,EILDON,SOUTHHYD,0.9945,1.0,SCHEDULED,2.0,2.0,20.0,20.0,220.0,60.0,Y,GENERATOR,60.0,FAST,,,,N,N,20.0,20.0,0.0,Hydro,EILDON POWER STATION,Hydro
EILDON3,VTT22E,VIC1,EILDONPD,PACHYDIN,0.9981,1.0,NON-SCHEDULED,,,0.0,0.0,22.0,5.0,N,GENERATOR,5.0,NOT DISPATCHED,,,,Y,N,0.0,0.0,0.0,Hydro,Eildon Power Station,Hydro
ELAINWF1,VELT3E,VIC1,ELAINEWF,LALLALWF,0.9569,1.0,SEMI-SCHEDULED,2.0,2.0,16.0,16.0,220.0,83.0,N,GENERATOR,82.0,SLOW,,,,Y,Y,16.0,16.0,0.0,Wind,Elaine Wind Farm,Wind
EMERASF1,QLIS1E,QLD1,EMERASF,TELSTRAE,0.9381,0.981,SEMI-SCHEDULED,2.0,2.0,165.0,165.0,66.0,88.0,N,GENERATOR,72.0,SLOW,,,,Y,Y,165.0,165.0,0.0,Solar,Emerald Solar Park,Solar
ER01,NEPS1,NSW1,ERARING,OERARING,0.9846,1.0,SCHEDULED,3.0,3.0,20.0,20.0,330.0,720.0,Y,GENERATOR,750.0,SLOW,,,,N,N,20.0,20.0,0.87893798,Black coal,ERARING POWER STATION,Fossil
ER02,NEPS2,NSW1,ERARING,OERARING,0.9846,1.0,SCHEDULED,3.0,3.0,20.0,20.0,330.0,720.0,Y,GENERATOR,750.0,SLOW,,,,N,N,20.0,20.0,0.87893798,Black coal,ERARING POWER STATION,Fossil
ER03,NEPS3,NSW1,ERARING,OERARING,0.9854,1.0,SCHEDULED,3.0,3.0,20.0,20.0,500.0,720.0,Y,GENERATOR,750.0,SLOW,,,,N,N,20.0,20.0,0.87893798,Black coal,ERARING POWER STATION,Fossil
ER04,NEPS4,NSW1,ERARING,OERARING,0.9854,1.0,SCHEDULED,3.0,3.0,20.0,20.0,500.0,720.0,Y,GENERATOR,750.0,SLOW,,,,N,N,20.0,20.0,0.87893798,Black coal,ERARING POWER STATION,Fossil
ERGT01,NEP35B,NSW1,ERGT01,OERARING,0.9846,1.0,NON-SCHEDULED,,,0.0,0.0,11.0,42.0,N,GENERATOR,56.0,NOT DISPATCHED,,,,N,N,0.0,0.0,,,Eraring Power Station,
ERNL1,NEPSL,NSW1,ERARING,OERARING,0.9916,1.0,NON-SCHEDULED,,,,,330.0,25.0,N,GENERATOR,30.0,NOT DISPATCHED,,,N,N,N,,,0.87893798,Black coal,ERARING POWER STATION,Fossil
FINLYSF1,NFNS1F,NSW1,FINLEYSF,FINLEYSF,0.8898,1.0,SEMI-SCHEDULED,3.0,3.0,27.0,27.0,132.0,162.0,N,GENERATOR,133.0,SLOW,,,,Y,Y,27.0,27.0,0.0,Solar,Finely Solar Farm,Solar
FISHER,TFI11,TAS1,FISHER,HYDROTAS,0.9533,1.0,SCHEDULED,1.0,1.0,30.0,30.0,220.0,43.0,Y,GENERATOR,46.0,SLOW,,,,N,N,30.0,30.0,0.0,Hydro,Fisher Power Station,Hydro
FLYCRKWF,NONF1F,NSW1,FLYCRKWF,BBPEM,1.0278,0.9953,SEMI-SCHEDULED,3.0,3.0,28.0,28.0,132.0,145.0,Y,GENERATOR,140.0,SLOW,,,,Y,Y,28.0,28.0,0.0,Wind,Flyers Creek Wind Farm,Wind
FSWF1,VTGT7F,VIC1,FSWF,YESSA,1.0018,1.0,NON-SCHEDULED,,,0.0,0.0,22.0,8.0,N,GENERATOR,7.0,NOT DISPATCHED,,,,Y,N,0.0,0.0,0.0,Wind,Ferguson South Wind Farm,Wind
GANGARR1,QWSS1G,QLD1,GANGARRI,SHELLNEW,0.9977,1.0,SEMI-SCHEDULED,3.0,3.0,24.0,24.0,132.0,162.0,Y,GENERATOR,120.0,SLOW,,,,Y,Y,24.0,24.0,0.0,Solar,Gangarri Solar Farm,Solar
GANNSF1,VKGS1G,VIC1,GANNSF,GANNSF,0.9305,0.9789,SEMI-SCHEDULED,1.0,1.0,1000.0,1000.0,33.0,55.0,N,GENERATOR,50.0,SLOW,,,,Y,Y,1000.0,1000.0,0.0,Solar,Gannawarra Solar Farm,Solar
GB01,NBKG1,NSW1,BHILLGT,TRANSGBH,0.9228,1.0,NON-SCHEDULED,,,0.0,0.0,22.0,50.0,N,GENERATOR,50.0,NOT DISPATCHED,,,,N,N,0.0,0.0,0.60223865,Natural Gas (Pipeline),Broken Hill Gas Turbines,Fossil
GERMCRK,QLIL2,QLD1,GERMCRK,EDLCSMQ,0.9564,1.0019,NON-SCHEDULED,,,0.0,0.0,66.0,44.0,N,GENERATOR,42.0,NOT DISPATCHED,,,,N,N,0.0,0.0,0.0717325,Landfill biogas methane,German Creek Power Station,Biofuel
GESF1,NJDA1G,NSW1,GESF,GESF,0.9255,1.0,SEMI-SCHEDULED,40.0,40.0,40.0,40.0,132.0,264.0,Y,GENERATOR,200.0,SLOW,,,,Y,Y,40.0,40.0,0.0,Solar,Glenellen Solar Farm,Solar
GIRGSF,VSHS2G,VIC1,GIRGSF,ENELAUS,0.9463,0.983,SEMI-SCHEDULED,15.0,15.0,15.0,15.0,66.0,93.0,Y,GENERATOR,76.0,SLOW,,,,Y,Y,15.0,15.0,0.0,Solar,Girgarre Solar Farm,Solar
GLADNL1,QGLL,QLD1,G/STONE,CSENERGY,0.9437,1.0,NON-SCHEDULED,,,,,330.0,25.0,N,GENERATOR,30.0,NOT DISPATCHED,,,N,N,N,,,0.9858045,Black coal,GLADSTONE POWER STATION,Fossil
GLBWNHYD,NMRK2G,NSW1,GLBWNHYD,SOUTHHYD,0.9741,1.0,NON-SCHEDULED,,,0.0,0.0,33.0,6.0,N,GENERATOR,6.0,,,,,N,N,0.0,0.0,0.0,Hydro,Glenbawn Hydro Power Station,Hydro
GLENMAG1,VMWT8G,VIC1,GLENMAGG,PACHYDIN,0.9862,1.0,NON-SCHEDULED,,,0.0,0.0,22.0,4.0,N,GENERATOR,4.0,NOT DISPATCHED,,,,Y,N,0.0,0.0,0.0,Hydro,Glenmaggie Hydro Power Station,Hydro
GLENNCRK,NMRK3T,NSW1,GLENNCRK,ENVOAKY,0.9741,1.0067,NON-SCHEDULED,,,0.0,0.0,66.0,12.0,N,GENERATOR,12.0,NOT DISPATCHED,,,,N,N,0.0,0.0,0.6336557,Coal mine waste gas,Glennies Creek Power Station,Fossil
GLENSF1,VGN21G,VIC1,GLENSF,GLENSF,0.949,1.0,SEMI-SCHEDULED,3.0,3.0,21.0,21.0,220.0,126.0,Y,GENERATOR,102.0,SLOW,,,,Y,Y,21.0,21.0,0.0,Solar,GLENROWAN SOLAR FARM,Solar
GLRWNSF1,VGNS1G,VIC1,GLRWNSF,GLENROSF,0.9402,0.9992,SEMI-SCHEDULED,3.0,3.0,22.0,22.0,66.0,132.0,N,GENERATOR,110.0,SLOW,,,,Y,Y,22.0,22.0,0.0,Solar,Glenrowan West Solar Farm,Solar
GNNDHSF1,NGNE1G,NSW1,GNNDHSF,GUNNEDAH,0.8437,1.0,SEMI-SCHEDULED,3.0,3.0,22.0,22.0,132.0,144.0,Y,GENERATOR,110.0,SLOW,,,,Y,Y,22.0,22.0,0.0,Solar,Gunnedah Solar Farm,Solar
GOESF1,VGET1G,VIC1,GOESF,GBATEAST,0.9328,1.0,SEMI-SCHEDULED,50.0,50.0,50.0,50.0,220.0,348.0,Y,GENERATOR,250.0,SLOW,,,,Y,Y,50.0,50.0,0.0,Solar,Goorambat East Solar Farm,Solar
GOONSF1,NPG12G,NSW1,GOONSF,GOON,0.8888,1.0,SEMI-SCHEDULED,2.0,2.0,13.0,13.0,66.0,85.0,N,GENERATOR,69.0,SLOW,,,,Y,Y,13.0,13.0,0.0,Solar,Goonumbla Solar Farm,Solar
GORDON,TGO11,TAS1,GORDON,HYDROTAS,0.9594,1.0,SCHEDULED,9.0,9.0,180.0,180.0,220.0,432.0,Y,GENERATOR,450.0,SLOW,,,,N,N,180.0,180.0,0.0,Hydro,Gordon Power Station,Hydro
GOVILLB1,TGO21,TAS1,GORDON,HYDROTAS,0.9918,1.0,NON-SCHEDULED,,,,,11.0,25.0,N,GENERATOR,30.0,NOT DISPATCHED,,,N,N,N,,,0.0,Hydro,Gordon Power Station,Hydro
GPWFEST1,VGPT1G,VIC1,GPWFEAST,GPWF1,0.9834,1.0,SEMI-SCHEDULED,40.0,40.0,48.0,48.0,220.0,248.0,Y,GENERATOR,240.0,SLOW,,,,Y,Y,48.0,48.0,0.0,Wind,Golden Plains Wind Farm East,Wind
GPWFEST2,VGPT2G,VIC1,GPWFEAST,GPWF1,0.9834,1.0,SEMI-SCHEDULED,42.0,42.0,51.0,51.0,220.0,260.0,Y,GENERATOR,253.0,SLOW,,,,Y,Y,51.0,51.0,0.0,Wind,Golden Plains Wind Farm East,Wind
GPWFEST3,VGPT3G,VIC1,GPWFEAST,GPWF1,0.9834,1.0,SEMI-SCHEDULED,40.0,40.0,48.0,48.0,220.0,248.0,Y,GENERATOR,240.0,SLOW,,,,Y,Y,48.0,48.0,0.0,Wind,Golden Plains Wind Farm East,Wind
GRANGEAV,NVYD1,NSW1,GRANGEAV,EDLLFGN,0.9995,1.0,NON-SCHEDULED,,,0.0,0.0,11.0,2.0,N,GENERATOR,2.0,NOT DISPATCHED,,,,Y,N,0.0,0.0,0.0717325,Landfill biogas methane,Grange Avenue Landfill Gas Power Station,Biofuel
GRANWF1,TGH11G,TAS1,GRANWF,GRANHAWF,0.9555,1.0,SEMI-SCHEDULED,3.0,3.0,22.0,22.0,220.0,111.0,N,GENERATOR,110.0,SLOW,,,,Y,Y,22.0,22.0,0.0,Wind,Granville Harbour Wind Farm,Wind
GRIFSF1,NGG11G,NSW1,GRIFSF,GRIFFITH,0.8921,1.0,NON-SCHEDULED,,,1.0,1000.0,33.0,27.0,N,GENERATOR,27.0,NOT DISPATCHED,,,,Y,N,1.0,1000.0,0.0,Solar,Griffith Solar Farm,Solar
GROSV1,QMRN2G,QLD1,GROSV1,MBAHNTH,0.9977,0.992,NON-SCHEDULED,,,0.0,0.0,66.0,21.0,N,GENERATOR,21.0,NOT DISPATCHED,,,,N,N,0.0,0.0,0.6336557,Coal mine waste gas,Grosvenor 1 Waste Coal Mine Gas Power Station,Fossil
GROSV2,QMRV1G,QLD1,GROSV2,MBAHNTH,0.9977,0.992,NON-SCHEDULED,,,0.0,0.0,66.0,15.0,N,GENERATOR,15.0,NOT DISPATCHED,,,,N,N,0.0,0.0,0.6336557,Coal mine waste gas,Grosvenor 2,Fossil
GSTONE1,QGLD1,QLD1,G/STONE,CSENERGY,0.9461,1.0,SCHEDULED,3.0,3.0,57.0,57.0,275.0,280.0,Y,GENERATOR,280.0,SLOW,,,,N,N,57.0,57.0,0.9858045,Black coal,GLADSTONE POWER STATION,Fossil
GSTONE2,QGLD2,QLD1,G/STONE,CSENERGY,0.9461,1.0,SCHEDULED,3.0,3.0,57.0,57.0,275.0,280.0,Y,GENERATOR,280.0,SLOW,,,,N,N,57.0,57.0,0.9858045,Black coal,GLADSTONE POWER STATION,Fossil
GSTONE3,QGLD3,QLD1,G/STONE,CSENERGY,0.9437,1.0,SCHEDULED,3.0,3.0,57.0,57.0,132.0,280.0,Y,GENERATOR,280.0,SLOW,,,,N,N,57.0,57.0,0.9858045,Black coal,GLADSTONE POWER STATION,Fossil
GSTONE4,QGLD4,QLD1,G/STONE,CSENERGY,0.9437,1.0,SCHEDULED,3.0,3.0,57.0,57.0,132.0,280.0,Y,GENERATOR,280.0,SLOW,,,,N,N,57.0,57.0,0.9858045,Black coal,GLADSTONE POWER STATION,Fossil
GSTONE5,QGLD5,QLD1,G/STONE,CSENERGY,0.9461,1.0,SCHEDULED,3.0,3.0,57.0,57.0,275.0,280.0,Y,GENERATOR,280.0,SLOW,,,,N,N,57.0,57.0,0.9858045,Black coal,GLADSTONE POWER STATION,Fossil
GSTONE6,QGLD6,QLD1,G/STONE,CSENERGY,0.9461,1.0,SCHEDULED,3.0,3.0,57.0,57.0,275.0,280.0,Y,GENERATOR,280.0,SLOW,,,,N,N,57.0,57.0,0.9858045,Black coal,GLADSTONE POWER STATION,Fossil
GSWF1A,SROB1G,SA1,GSWF1A,GSWF1A,0.9697,1.0,SEMI-SCHEDULED,3.0,3.0,41.0,41.0,275.0,209.0,Y,GENERATOR,201.0,SLOW,,,,Y,Y,41.0,41.0,0.0,Wind,Goyder South Wind Farm 1A,Wind
GSWF1B1,SRAB1G,SA1,GSWF1B,GSWF1B,0.9689,1.0,SEMI-SCHEDULED,3.0,3.0,40.0,40.0,275.0,203.0,Y,GENERATOR,196.0,SLOW,,,,Y,Y,40.0,40.0,0.0,Wind,Goyder South Wind Farm 1B,Wind
GULLRSF1,NGUR2G,NSW1,GULLRGWF,NEWGRWF,0.962,1.0,SEMI-SCHEDULED,1.0,1.0,10.0,10.0,330.0,10.0,,GENERATOR,10.0,SLOW,,,,Y,Y,10.0,10.0,0.0,Solar,Gullen Range Wind Farm,Solar
GULLRWF1,NGUR1G,NSW1,GULLRGWF,NEWGRWF,0.962,1.0,SEMI-SCHEDULED,3.0,3.0,33.0,33.0,330.0,165.0,N,GENERATOR,161.0,SLOW,,,,Y,Y,33.0,33.0,0.0,Wind,Gullen Range Wind Farm,Wind
GULLRWF2,NGUR3G,NSW1,GULLRGWF,NEWGRWF,0.962,1.0,SEMI-SCHEDULED,3.0,3.0,22.0,22.0,330.0,110.0,N,GENERATOR,107.0,SLOW,,,,Y,Y,22.0,22.0,0.0,Wind,Gullen Range Wind Farm,Wind
GUNNING1,NYS12A,NSW1,GUNNING,GUNNING,0.9521,0.9735,SEMI-SCHEDULED,1.0,1.0,47.0,47.0,132.0,47.0,N,GENERATOR,47.0,SLOW,,,,Y,Y,47.0,47.0,0.0,Wind,Gunning Wind Farm,Wind
GUSF1,QBLG1G,QLD1,GUSF,GUNSYND,0.9836,1.0,SEMI-SCHEDULED,19.0,19.0,19.0,19.0,132.0,122.0,Y,GENERATOR,94.0,SLOW,,,,Y,Y,19.0,19.0,0.0,Solar,Gunsynd Solar Farm,Solar
GUTHEGA,NGUT8,NSW1,SNOWY3,SNOWY,0.9135,1.0,SCHEDULED,2.0,2.0,20.0,20.0,132.0,60.0,Y,GENERATOR,80.0,FAST,,,,N,N,20.0,20.0,0.0,Hydro,Guthega Power Station,Hydro
GUTHNL1,NMY11,NSW1,SNOWY3,SNOWY,1.0003,1.0,NON-SCHEDULED,,,,,330.0,25.0,N,GENERATOR,30.0,NOT DISPATCHED,,,N,N,N,,,0.0,Hydro,Guthega Power Station,Hydro
HALAMRD1,VER22L,VIC1,HALAMRD,LMSENE,0.9955,1.0,NON-SCHEDULED,,,0.0,0.0,22.0,9.0,N,GENERATOR,9.0,NOT DISPATCHED,,,,N,N,0.0,0.0,0.0717325,Landfill biogas methane,HALLAM ROAD RENEWABLE ENERGY FACILITY,Biofuel
HALLWF1,SHPS2W,SA1,HALLWF,TIPSCO,0.9663,1.0,SEMI-SCHEDULED,2.0,2.0,30.0,30.0,275.0,95.0,N,GENERATOR,95.0,SLOW,,,,Y,Y,30.0,30.0,0.0,Wind,Hallett 1 Wind Farm,Wind
HALLWF2,SMOK1H,SA1,HALLWF2,TIPSCO,0.9608,1.0,SEMI-SCHEDULED,2.0,2.0,30.0,30.0,275.0,71.0,N,GENERATOR,71.0,SLOW,,,,Y,Y,30.0,30.0,0.0,Wind,Hallett 2 Wind Farm,Wind
HAMISF1,QSLD1H,QLD1,HAMISF,HAMISF,0.9385,1.0,SEMI-SCHEDULED,1.0,1.0,20.0,20.0,33.0,57.0,N,GENERATOR,56.0,SLOW,,,,Y,Y,20.0,20.0,0.0,Solar,Hamilton Solar Farm,Solar
HASTING1,VTBT1H,VIC1,HASTING,PROGREEN,0.9964,0.9946,NON-SCHEDULED,,,6.0,6.0,66.0,14.0,N,GENERATOR,14.0,NOT DISPATCHED,,,,N,N,6.0,6.0,0.63097828,Ethane,Hastings Generation Site,
HASTING2,VTBT2H,VIC1,HASTING,PROGREEN,0.9964,0.9946,NON-SCHEDULED,,,6.0,6.0,66.0,14.0,N,GENERATOR,14.0,NOT DISPATCHED,,,,N,N,6.0,6.0,0.63097828,Ethane,Hastings Generation Site,
HASTING3,VTBT3H,VIC1,HASTING,PROGREEN,0.9964,0.9946,NON-SCHEDULED,,,6.0,6.0,66.0,14.0,N,GENERATOR,14.0,NOT DISPATCHED,,,,N,N,6.0,6.0,0.63097828,Ethane,Hastings Generation Site,
HAUGHT11,QHAR1H,QLD1,HAUGHT1,HAUGHTSF,0.9475,1.0,SEMI-SCHEDULED,3.0,3.0,20.0,20.0,275.0,132.0,N,GENERATOR,100.0,SLOW,,,,Y,Y,20.0,20.0,0.0,Solar,"Haughton Solar Farm Stage 1, Units 1-81",Solar
HAYMSF1,QCCK2H,QLD1,HAYMSF,HAYMSF,0.9396,1.0,SEMI-SCHEDULED,1.0,1.0,165.0,165.0,33.0,57.0,N,GENERATOR,50.0,SLOW,,,,Y,Y,165.0,165.0,0.0,Solar,Hayman Solar Farm,Solar
HD1WF1,VTR11H,VIC1,HDWF,HAWKES,0.9865,1.0,SEMI-SCHEDULED,2.0,2.0,19.0,19.0,132.0,96.0,Y,GENERATOR,89.0,SLOW,,,,Y,Y,19.0,19.0,0.0,Wind,Hawkesdale Wind Farm,Wind
HDWF1,SHDW1H,SA1,HORNSDAL,HORNSDAL,0.956,1.0,SEMI-SCHEDULED,3.0,3.0,50.0,50.0,275.0,102.0,N,GENERATOR,102.0,SLOW,,,,Y,Y,50.0,50.0,0.0,Wind,Hornsdale Wind Farm,Wind
HDWF2,SHDW2H,SA1,HORNSDAL2,HORNSDL2,0.956,1.0,SEMI-SCHEDULED,3.0,3.0,50.0,50.0,275.0,102.0,Y,GENERATOR,102.0,SLOW,,,,Y,Y,50.0,50.0,0.0,Wind,Hornsdale Wind Farm 2,Wind
HDWF3,SHDW3H,SA1,HORNSDAL3,HWF3,0.956,1.0,SEMI-SCHEDULED,3.0,3.0,50.0,50.0,275.0,112.0,N,GENERATOR,109.0,SLOW,,,,Y,Y,50.0,50.0,0.0,Wind,Hornsdale Wind Farm 3,Wind
HEPWIND1,VBAT2L,VIC1,HEPWIND,HEPBURN,0.9825,1.0,NON-SCHEDULED,,,0.0,0.0,22.0,4.0,N,GENERATOR,4.0,NOT DISPATCHED,,,,Y,N,0.0,0.0,0.0,Wind,Hepburn Community Wind Farm,Wind
HEZ1,NNEE1H,NSW1,HEZ1,SNOWY,0.9931,1.0723,SCHEDULED,9.0,9.0,9.0,9.0,33.0,28.0,Y,GENERATOR,28.0,FAST,,,,N,N,9.0,9.0,0.8119863,Diesel oil,Hunter Economic Zone,Fossil
HILLSTN1,NDNH1H,NSW1,HILLSTN,HILLSTON,0.8888,0.9103,SEMI-SCHEDULED,2.0,2.0,17.0,17.0,132.0,110.0,Y,GENERATOR,85.0,SLOW,,,,Y,Y,17.0,17.0,0.0,Solar,Hillston Sun Farm,Solar
HLMSEW01,VER21H,VIC1,HLMSEW01,PROGREEN,0.996,1.0,NON-SCHEDULED,,,,,1.0,1.0,N,GENERATOR,1.0,NOT DISPATCHED,,,N,N,N,,,0.0,Hydro,South East Water - Halllam Hydro Plant,Hydro
HUGSF1,QROG2H,QLD1,HUGSF,HUGSF,0.9516,1.0,NON-SCHEDULED,,,60.0,60.0,33.0,20.0,N,GENERATOR,18.0,NOT DISPATCHED,,,,Y,N,60.0,60.0,0.0,Solar,Hughenden Solar Farm,Solar
HUMENSW,NHUM,NSW1,HUMENSW,GSPOWER,0.9316,1.0,SCHEDULED,2.0,2.0,10.0,10.0,132.0,29.0,N,GENERATOR,70.0,FAST,,,,N,N,10.0,10.0,0.0,Hydro,Hume (NSW) Hydro Power Station,Hydro
HUMEV,VHUM,VIC1,HUMEV,GSPOWER,0.9586,1.0,SCHEDULED,2.0,2.0,10.0,10.0,66.0,29.0,N,GENERATOR,70.0,FAST,,,,N,N,10.0,10.0,0.0,Hydro,Hume (Vic) Hydro Power Station,Hydro
HUNTER1,NNCP1H,NSW1,HUNTER,SNOWY,0.9692,1.0068,SCHEDULED,3.0,3.0,75.0,75.0,132.0,375.0,Y,GENERATOR,375.0,FAST,,,,N,N,75.0,75.0,0.601,Natural Gas (Pipeline),Hunter Power Station,Fossil
HUNTER2,NNCP2H,NSW1,HUNTER,SNOWY,0.9692,1.0068,SCHEDULED,3.0,3.0,75.0,75.0,132.0,375.0,Y,GENERATOR,375.0,FAST,,,,N,N,75.0,75.0,0.601,Natural Gas (Pipeline),Hunter Power Station,Fossil
HVWWPV1,SHVA3H,SA1,HVWW,SAWCML,1.0024,1.0365,SEMI-SCHEDULED,1.0,1.0,1.0,1.0,11.0,11.0,Y,GENERATOR,8.0,SLOW,,,,Y,Y,1.0,1.0,0.0,Solar,Happy Valley WTP,Solar
ICSM,QGNG1I,QLD1,ICSM,AGLAM,0.9896,1.007,NON-SCHEDULED,,,,,11.0,25.0,N,GENERATOR,25.0,NOT DISPATCHED,,,,N,N,,,0.01561827,Bagasse,ISIS Central Sugar Mill Co-generation Plant,Biofuel
INVICTA,QINV1I,QLD1,INVICTA,STANRET,0.9561,1.0,NON-SCHEDULED,,,0.0,0.0,132.0,50.0,N,GENERATOR,50.0,NOT DISPATCHED,,,,N,N,0.0,0.0,,,Invicta Sugar Mill,
JACKSGUL,NLP11,NSW1,JACKSGUL,EDLLFGN,0.9914,1.0,NON-SCHEDULED,,,,,11.0,2.0,N,GENERATOR,2.0,NOT DISPATCHED,,,N,N,N,,,0.0717325,Landfill biogas methane,Jacks Gully Landfill Gas Power Station,Biofuel
JBUTTERS,TJB11,TAS1,JBUTTERS,HYDROTAS,0.9386,1.0,SCHEDULED,3.0,3.0,40.0,40.0,220.0,144.0,Y,GENERATOR,144.0,SLOW,,,,N,N,40.0,40.0,0.0,Hydro,John Butters Power Station,Hydro
JEMALNG1,NFBS1J,NSW1,JEMALNG,DIAMDGEN,0.8923,0.9536,SEMI-SCHEDULED,1.0,1.0,10.0,10.0,66.0,55.0,N,GENERATOR,50.0,SLOW,,,,Y,Y,10.0,10.0,0.0,Solar,Jemalong Solar Project,Solar
JLA01,VJLGA1,VIC1,JEERA,ECOGEN,0.9768,1.0,SCHEDULED,1.0,1.0,23.0,23.0,220.0,51.0,N,GENERATOR,65.0,FAST,,,,N,N,23.0,23.0,0.75795805,Natural Gas (Pipeline),"Jeeralang ""A"" Power Station",Fossil
JLA02,VJLGA2,VIC1,JEERA,ECOGEN,0.9768,1.0,SCHEDULED,1.0,1.0,23.0,23.0,220.0,51.0,N,GENERATOR,65.0,FAST,,,,N,N,23.0,23.0,,,"Jeeralang ""A"" Power Station",
JLA03,VJLGA3,VIC1,JEERA,ECOGEN,0.9768,1.0,SCHEDULED,1.0,1.0,23.0,23.0,220.0,51.0,N,GENERATOR,65.0,FAST,,,,N,N,23.0,23.0,,,"Jeeralang ""A"" Power Station",
JLA04,VJLGA4,VIC1,JEERA,ECOGEN,0.9768,1.0,SCHEDULED,1.0,1.0,23.0,23.0,220.0,51.0,N,GENERATOR,65.0,FAST,,,,N,N,23.0,23.0,,,"Jeeralang ""A"" Power Station",
JLB01,VJLGB1,VIC1,JEERB,ECOGEN,0.9768,1.0,SCHEDULED,3.0,3.0,20.0,20.0,220.0,76.0,N,GENERATOR,100.0,FAST,,,,N,N,20.0,20.0,0.75795805,Natural Gas (Pipeline),"Jeeralang ""B"" Power Station",Fossil
JLB02,VJLGB2,VIC1,JEERB,ECOGEN,0.9768,1.0,SCHEDULED,3.0,3.0,20.0,20.0,220.0,76.0,N,GENERATOR,100.0,FAST,,,,N,N,20.0,20.0,,,"Jeeralang ""B"" Power Station",
JLB03,VJLGB3,VIC1,JEERB,ECOGEN,0.9768,1.0,SCHEDULED,3.0,3.0,20.0,20.0,220.0,76.0,N,GENERATOR,100.0,FAST,,,,N,N,20.0,20.0,,,"Jeeralang ""B"" Power Station",
JNDABNE1,NCMA2,NSW1,JNDSHPS,SNOWY,0.9792,1.0,NON-SCHEDULED,,,,,11.0,1.0,N,GENERATOR,1.0,NOT DISPATCHED,,,N,N,N,,,0.0,Hydro,Jindabyne Small Hydro Power Station,Hydro
JOUNAMA1,NTU21J,NSW1,JOUNAMA,SNOWY,0.9673,1.0,NON-SCHEDULED,,,,,66.0,14.0,N,GENERATOR,14.0,NOT DISPATCHED,,,N,N,N,,,0.0,Hydro,Jounama Small Hydro Power Station,Hydro
JUNEESF1,NWGJ1J,NSW1,JUNEESF,JUNEESF,0.922,0.9781,SEMI-SCHEDULED,1.0,1.0,6.0,6.0,66.0,36.0,Y,GENERATOR,30.0,SLOW,,,,Y,Y,6.0,6.0,0.0,Solar,Junee Solar Farm,Solar
KABANWF1,QTMW1K,QLD1,KABANWF,KABANWF,0.9696,1.0,SEMI-SCHEDULED,3.0,3.0,30.0,30.0,275.0,156.0,Y,GENERATOR,152.0,SLOW,,,,Y,Y,30.0,30.0,0.0,Wind,Kaban Wind Farm,Wind
KAREEYA1,QKAH1,QLD1,KAREEYA,CLEANCO,0.9828,1.0,SCHEDULED,1.0,1.0,5.0,5.0,132.0,21.0,N,GENERATOR,22.0,FAST,,,,N,N,5.0,5.0,0.0,Hydro,KAREEYA POWER STATION,Hydro
KAREEYA2,QKAH2,QLD1,KAREEYA,CLEANCO,0.9828,1.0,SCHEDULED,1.0,1.0,5.0,5.0,132.0,21.0,N,GENERATOR,22.0,FAST,,,,N,N,5.0,5.0,0.0,Hydro,KAREEYA POWER STATION,Hydro
KAREEYA3,QKAH3,QLD1,KAREEYA,CLEANCO,0.9828,1.0,SCHEDULED,1.0,1.0,5.0,5.0,132.0,21.0,N,GENERATOR,22.0,FAST,,,,N,N,5.0,5.0,,,KAREEYA POWER STATION,
KAREEYA4,QKAH4,QLD1,KAREEYA,CLEANCO,0.9828,1.0,SCHEDULED,1.0,1.0,5.0,5.0,132.0,21.0,N,GENERATOR,22.0,FAST,,,,N,N,5.0,5.0,,,KAREEYA POWER STATION,
KAREEYA5,QKYH5,QLD1,KAREEYA,CLEANCO,0.9828,1.0,NON-SCHEDULED,,,,,132.0,7.0,N,GENERATOR,7.0,NOT DISPATCHED,,,Y,N,N,,,0.0,Hydro,KAREEYA POWER STATION,Hydro
KARSF1,VRCS1K,VIC1,KARSF,KARSF,0.8895,0.9737,SEMI-SCHEDULED,2.0,2.0,18.0,18.0,66.0,104.0,N,GENERATOR,90.0,SLOW,,,,Y,Y,18.0,18.0,0.0,Solar,Karadoc Solar Farm,Solar
KEEPIT,NKPT,NSW1,KEEPIT,GSPOWER,0.9397,1.0,NON-SCHEDULED,,,,,66.0,6.0,N,GENERATOR,8.0,NOT DISPATCHED,,,Y,N,N,,,0.0,Hydro,Keepit Hydro Power Station,Hydro
KEPBG1,QROW3K,QLD1,KEP,KENNEDYE,0.9813,0.934,NON-SCHEDULED,,,0.0,0.0,33.0,2.0,N,GENERATOR,2.0,NOT DISPATCHED,,,,N,N,0.0,0.0,0.0,Battery Storage,Kennedy Energy Park,
KEPSF1,QROW2K,QLD1,KEP,KENNEDYE,0.9813,0.934,SEMI-SCHEDULED,1.0,1.0,3.0,3.0,33.0,16.0,N,GENERATOR,15.0,SLOW,,,,Y,Y,3.0,3.0,0.0,Solar,Kennedy Energy Park,Solar
KEPWF1,QROW1K,QLD1,KEP,KENNEDYE,0.9813,0.934,SEMI-SCHEDULED,1.0,1.0,8.0,8.0,33.0,43.0,N,GENERATOR,43.0,SLOW,,,,Y,Y,8.0,8.0,0.0,Wind,Kennedy Energy Park,Wind
KERNGSP1,VKGP1K,VIC1,KERNGSP1,KERANGSP,0.9329,0.9993,SEMI-SCHEDULED,6.0,6.0,6.0,6.0,22.0,37.0,Y,GENERATOR,30.0,SLOW,,,,Y,Y,6.0,6.0,0.0,Solar,Kerang Solar Plant,Solar
KIAMSF1,VKMT1K,VIC1,KIAMSF,KSFPROJT,0.8785,1.0,SEMI-SCHEDULED,3.0,3.0,40.0,40.0,220.0,239.0,N,GENERATOR,200.0,SLOW,,,,Y,Y,40.0,40.0,0.0,Solar,Kiamal Solar Farm,Solar
KIATAWF1,VHOG1K,VIC1,KIATAWF,KIATAPRJ,0.8959,0.8837,SEMI-SCHEDULED,1.0,1.0,37.0,37.0,66.0,31.0,N,GENERATOR,31.0,SLOW,,,,Y,Y,37.0,37.0,0.0,Wind,Kiata Wind Farm,Wind
KIDSPHG1,QAFH1K,QLD1,KIDSPHES,KIDSPHES,0.9811,1.0,SCHEDULED,3.0,3.0,25.0,25.0,275.0,126.0,Y,GENERATOR,125.0,FAST,,,,N,N,25.0,25.0,0.0,Hydro,Kidston Hydro Project,Hydro
KIDSPHG2,QAFH2K,QLD1,KIDSPHES,KIDSPHES,0.9811,1.0,SCHEDULED,3.0,3.0,25.0,25.0,275.0,126.0,Y,GENERATOR,125.0,FAST,,,,N,N,25.0,25.0,0.0,Hydro,Kidston Hydro Project,Hydro
KINGASF1,QTRS1K,QLD1,KINGASF,KINGARSF,0.9795,0.994,SEMI-SCHEDULED,8.0,8.0,8.0,8.0,66.0,47.0,Y,GENERATOR,40.0,SLOW,,,,Y,Y,8.0,8.0,0.0,Solar,Kingaroy Solar Farm,Solar
KPP_1,QBRA4K,QLD1,KOGANCK,CSENERGY,0.9737,1.0,SCHEDULED,3.0,3.0,157.0,157.0,275.0,744.0,N,GENERATOR,787.0,SLOW,,,,N,N,157.0,157.0,0.86193352,Black coal,Kogan Creek Power Station,Fossil
KSP1,QROG1K,QLD1,KSP1,DIAMDGEN,0.9516,0.927,SEMI-SCHEDULED,1.0,1.0,10.0,10.0,132.0,50.0,N,GENERATOR,47.0,SLOW,,,,Y,Y,10.0,10.0,0.0,Solar,Kidston Solar Project,Solar
LADBROK1,SPEW1,SA1,LADBROKE,BORAL,0.9522,1.0,SCHEDULED,1.0,1.0,10.0,10.0,132.0,40.0,N,GENERATOR,50.0,FAST,,,,N,N,10.0,10.0,0.51623637,Natural Gas (Pipeline),Ladbroke Grove Power Station,Fossil
LADBROK2,SPEW2,SA1,LADBROKE,BORAL,0.9522,1.0,SCHEDULED,1.0,1.0,10.0,10.0,132.0,40.0,N,GENERATOR,50.0,FAST,,,,N,N,10.0,10.0,0.51623637,Natural Gas (Pipeline),Ladbroke Grove Power Station,Fossil
LEM_WIL,TSH11,TAS1,LEM_WIL,HYDROTAS,0.9676,1.0,SCHEDULED,2.0,2.0,25.0,25.0,220.0,82.0,Y,GENERATOR,87.0,SLOW,,,,N,N,25.0,25.0,0.0,Hydro,Lemonthyme / Wilmot Power Station,Hydro
LGAPWF1,SLGW1L,SA1,LGAPWF1,LINGAPWF,0.9689,1.0,SEMI-SCHEDULED,3.0,3.0,25.0,25.0,275.0,126.0,Y,GENERATOR,123.0,SLOW,,,,Y,Y,25.0,25.0,0.0,Wind,Lincoln Gap Wind Farm,Wind
LGAPWF2,SLGW4L,SA1,LGAPWF1,LINGAPWF,0.9689,1.0,SEMI-SCHEDULED,2.0,2.0,17.0,17.0,275.0,86.0,Y,GENERATOR,85.0,SLOW,,,,Y,Y,17.0,17.0,0.0,Wind,Lincoln Gap Wind Farm,Wind
LIDDNL1,NLDPL,NSW1,LIDDELL,MACQGEN,0.965,1.0,NON-SCHEDULED,,,,,330.0,25.0,N,GENERATOR,30.0,NOT DISPATCHED,,,N,N,N,,,1.25528716,Black coal,Liddell Power Station,Fossil
LILYSF1,QBDR1L,QLD1,LILYVASF,EEQLILY,0.9379,1.0,SEMI-SCHEDULED,3.0,3.0,20.0,20.0,33.0,118.0,N,GENERATOR,100.0,SLOW,,,,Y,Y,20.0,20.0,0.0,Solar,Lilyvale Solar Farm,Solar
LIMOSF11,NBSF1L,NSW1,LIMOSF1,LIMONSF,0.84,1.0,SEMI-SCHEDULED,44.0,44.0,44.0,44.0,33.0,275.0,N,GENERATOR,220.0,SLOW,,,,Y,Y,44.0,44.0,0.0,Solar,Limondale Solar Farm 1,Solar
LIMOSF21,NBL21L,NSW1,LIMOSF2,LIMONSF,0.8528,1.0,SEMI-SCHEDULED,1.0,1.0,6.0,6.0,22.0,38.0,N,GENERATOR,29.0,SLOW,,,,Y,Y,6.0,6.0,0.0,Solar,Limondale Solar Farm 2,Solar
LI_WY_CA,TLI11,TAS1,LI_WY_CA,HYDROTAS,0.9855,1.0,SCHEDULED,8.0,8.0,110.0,110.0,220.0,173.0,Y,GENERATOR,192.0,SLOW,,,,N,N,110.0,110.0,0.0,Hydro,Catagunya / Liapootah / Wayatinah Power Station,Hydro
LKBONNY1,SMAY1,SA1,LKBONNY1,LKBWIND,0.9297,1.0,SEMI-SCHEDULED,2.0,2.0,17.0,17.0,33.0,81.0,N,GENERATOR,81.0,SLOW,,,,Y,Y,17.0,17.0,0.0,Wind,Lake Bonney Wind Farm Stage 1,Wind
LKBONNY2,SMAY2,SA1,LKBONNY_2,LKBWIND,0.9297,1.0,SEMI-SCHEDULED,3.0,3.0,32.0,32.0,33.0,159.0,N,GENERATOR,159.0,SLOW,,,,Y,Y,32.0,32.0,0.0,Wind,Lake Bonney Stage 2 Windfarm,Wind
LKBONNY3,SMAY3W,SA1,LKBONNY3,LKBWIND,0.9297,1.0,SEMI-SCHEDULED,1.0,1.0,32.0,32.0,33.0,39.0,Y,GENERATOR,39.0,SLOW,,,,Y,Y,32.0,32.0,0.0,Wind,Lake Bonney Stage 3 Wind Farm,Wind
LK_ECHO,TLE11,TAS1,LK_ECHO,HYDROTAS,0.9314,1.0,SCHEDULED,1.0,1.0,15.0,15.0,110.0,32.0,N,GENERATOR,34.0,SLOW,,,,N,N,15.0,15.0,0.0,Hydro,Lake Echo Power Station,Hydro
LNGS1,VAT21L,VIC1,LNGS,SNOWY,0.9982,1.0,SCHEDULED,3.0,3.0,27.0,27.0,220.0,156.0,Y,GENERATOR,172.0,FAST,,,,N,N,27.0,27.0,0.63818009,Natural Gas (Pipeline),Laverton North Power Station,Fossil
LNGS2,VAT22L,VIC1,LNGS,SNOWY,0.9982,1.0,SCHEDULED,3.0,3.0,27.0,27.0,220.0,156.0,Y,GENERATOR,172.0,FAST,,,,N,N,27.0,27.0,0.63818009,Natural Gas (Pipeline),Laverton North Power Station,Fossil
LONGFORD,VMWT6,VIC1,LONGFORD,BORAL,0.9862,1.067,NON-SCHEDULED,,,0.0,0.0,66.0,44.0,N,GENERATOR,44.0,NOT DISPATCHED,,,,N,N,0.0,0.0,0.60223865,Natural Gas (Pipeline),LONGFORD PLANT,Fossil
LONSDALE,SMVE1,SA1,LONSDALE,SNOWY,1.0037,1.0035,SCHEDULED,10.0,10.0,10.0,10.0,11.0,21.0,N,GENERATOR,21.0,FAST,,,,N,N,10.0,10.0,0.65798463,Diesel oil,Lonsdale Power Station,Fossil
LOYYB1,VLYP5,VIC1,LOYYB,EDISON,0.9815,1.0,SCHEDULED,3.0,3.0,110.0,110.0,500.0,500.0,Y,GENERATOR,600.0,SLOW,,,,N,N,110.0,110.0,1.11115275,Brown coal,LOY YANG B POWER STATION,Fossil
LOYYB2,VLYP6,VIC1,LOYYB,EDISON,0.9815,1.0,SCHEDULED,3.0,3.0,110.0,110.0,500.0,500.0,Y,GENERATOR,600.0,SLOW,,,,N,N,110.0,110.0,1.11115275,Brown coal,LOY YANG B POWER STATION,Fossil
LRSF1,QLLV2L,QLD1,LRSF,DIAMOND,0.941,0.926,NON-SCHEDULED,,,1000.0,1000.0,66.0,17.0,N,GENERATOR,15.0,NOT DISPATCHED,,,,Y,N,1000.0,1000.0,0.0,Solar,Longreach Solar Farm,Solar
LUCAS2S2,NSYS1,NSW1,LUCAS2S2,LMSENE,0.9987,1.0,NON-SCHEDULED,,,0.0,0.0,33.0,4.0,N,GENERATOR,4.0,NOT DISPATCHED,,,,N,N,0.0,0.0,0.0717325,Landfill biogas methane,Lucas Heights 2 Power Station,Biofuel
LUCASHGT,NSYS2G,NSW1,LUCAS2S2,LMSENE,0.9987,1.0031,NON-SCHEDULED,,,0.0,0.0,33.0,12.0,N,GENERATOR,12.0,,,,,N,N,0.0,0.0,0.0717325,Landfill biogas methane,Lucas Heights 2 Power Station,Biofuel
LYA1,VLYP1,VIC1,LOYYANGA,LOYYANGA,0.9815,1.0,SCHEDULED,3.0,3.0,118.0,118.0,500.0,560.0,Y,GENERATOR,590.0,SLOW,,,,N,N,118.0,118.0,1.16886064,Brown coal,LOY YANG A POWER STATION,Fossil
LYA2,VLYP2,VIC1,LOYYANGA,LOYYANGA,0.9815,1.0,SCHEDULED,3.0,3.0,108.0,108.0,500.0,530.0,Y,GENERATOR,535.0,SLOW,,,,N,N,108.0,108.0,1.16886064,Brown coal,LOY YANG A POWER STATION,Fossil
LYA3,VLYP3,VIC1,LOYYANGA,LOYYANGA,0.9815,1.0,SCHEDULED,3.0,3.0,118.0,118.0,500.0,560.0,Y,GENERATOR,590.0,SLOW,,,,N,N,118.0,118.0,1.16886064,Brown coal,LOY YANG A POWER STATION,Fossil
LYA4,VLYP4,VIC1,LOYYANGA,LOYYANGA,0.9815,1.0,SCHEDULED,3.0,3.0,116.0,116.0,500.0,560.0,Y,GENERATOR,580.0,SLOW,,,,N,N,116.0,116.0,1.16886064,Brown coal,LOY YANG A POWER STATION,Fossil
LYNL1,VLYPL,VIC1,LOYYANGA,LOYYANGA,0.9815,1.0,NON-SCHEDULED,,,,,330.0,25.0,N,GENERATOR,30.0,NOT DISPATCHED,,,N,N,N,,,1.16886064,Brown coal,LOY YANG A POWER STATION,Fossil
L_W_CNL1,TWY21,TAS1,LI_WY_CA,HYDROTAS,0.9919,1.0,NON-SCHEDULED,,,,,220.0,25.0,N,GENERATOR,30.0,NOT DISPATCHED,,,N,N,N,,,0.0,Hydro,Catagunya / Liapootah / Wayatinah Power Station,Hydro
MACARTH1,VTRT1M,VIC1,MACARTH,SOUTHYD2,0.9829,1.0,SEMI-SCHEDULED,3.0,3.0,90.0,90.0,500.0,420.0,N,GENERATOR,420.0,SLOW,,,,Y,Y,90.0,90.0,0.0,Wind,Macarthur Wind Farm,Wind
MACKNTSH,TMA11,TAS1,MACKNTSH,HYDROTAS,0.92,1.0,SCHEDULED,2.0,2.0,40.0,40.0,110.0,80.0,Y,GENERATOR,89.0,SLOW,,,,N,N,40.0,40.0,0.0,Hydro,Mackintosh Power Station,Hydro
MANNSF2,SMAE1M,SA1,MANNSF2,MANNUMS2,0.9932,1.0,SEMI-SCHEDULED,1.0,1.0,6.0,6.0,33.0,37.0,Y,GENERATOR,29.0,SLOW,,,,Y,Y,6.0,6.0,0.0,Solar,Mannum 2 Solar Farm,Solar
MANSLR1,NMLS1M,NSW1,MANSLR,MANILDRA,0.94,0.9962,SEMI-SCHEDULED,1.0,1.0,46.0,46.0,11.0,50.0,N,GENERATOR,46.0,SLOW,,,,Y,Y,46.0,46.0,0.0,Solar,Manildra Solar Farm,Solar
MAPS2PV1,SMA21M,SA1,MAPS2,SAWCML,1.0257,1.0,SEMI-SCHEDULED,1.0,1.0,3.0,3.0,3.0,16.0,N,GENERATOR,13.0,SLOW,,,,Y,Y,3.0,3.0,0.0,Solar,Mannum-Adelaide Pipeline Pumping Station No 2,Solar
MAPS3PV1,SMA31M,SA1,MAPS3,SAWCML,1.0252,1.0,SEMI-SCHEDULED,1.0,1.0,3.0,3.0,3.0,16.0,N,GENERATOR,12.0,SLOW,,,,Y,Y,3.0,3.0,0.0,Solar,Mannum-Adelaide Pipeline Pumping Station No 3,Solar
MAROOWF1,VBAT5M,VIC1,MAROOWF1,ALNTARES,0.9825,1.0,NON-SCHEDULED,,,4.0,4.0,22.0,6.0,N,GENERATOR,6.0,NOT DISPATCHED,,,,Y,N,4.0,4.0,0.0,Wind,Maroona Wind Farm,Wind
MARYRSF1,QMRY2M,QLD1,MARYRSF,DIAMDGEN,0.9888,0.938,SEMI-SCHEDULED,1.0,1.0,6.0,6.0,33.0,33.0,N,GENERATOR,27.0,SLOW,,,,Y,Y,6.0,6.0,0.0,Solar,Maryrorough Solar Farm,Solar
MBAHNTH,QMRN1P,QLD1,MBAHNTH,MBAHNTH,1.0081,0.9964,NON-SCHEDULED,,,0.0,0.0,66.0,63.0,N,GENERATOR,63.0,NOT DISPATCHED,,,,N,N,0.0,0.0,0.6336557,Coal mine waste gas,Moranbah North Waste Coal Mine Gas Power Station,Fossil
MBPS2PV1,SMH21M,SA1,MBPS2,SAWCML,1.0127,1.0,SEMI-SCHEDULED,1.0,1.0,3.0,3.0,11.0,13.0,Y,GENERATOR,10.0,SLOW,,,,Y,Y,3.0,3.0,0.0,Solar,Murray Bridge-Onkaparinga Pipeline Pumping Station No 2,Solar
MCINTYR1,QMSW1M,QLD1,MCINTYR,MACINTYR,0.9723,1.0,SEMI-SCHEDULED,162.0,162.0,178.0,178.0,330.0,923.0,Y,GENERATOR,890.0,SLOW,,,,Y,Y,178.0,178.0,0.0,Wind,MacIntyre Wind Farm,Wind
MCKAY1,VMKP1,VIC1,MCKAY,SOUTHHYD,0.9828,1.0,SCHEDULED,10.0,10.0,60.0,60.0,220.0,300.0,Y,GENERATOR,300.0,FAST,,,,N,N,60.0,60.0,0.0,Hydro,Bogong / Mackay Power Station,Hydro
MEADOWBK,TMB11,TAS1,MEADOWBK,HYDROTAS,0.9811,1.0,SCHEDULED,1.0,1.0,10.0,10.0,110.0,40.0,Y,GENERATOR,44.0,SLOW,,,,N,N,10.0,10.0,0.0,Hydro,Meadowbank Power Station,Hydro
MERCER01,VELT1M,VIC1,MTMERCER,MTMERCER,0.9569,1.0,SEMI-SCHEDULED,3.0,3.0,33.0,33.0,220.0,131.0,Y,GENERATOR,131.0,SLOW,,,,Y,Y,33.0,33.0,0.0,Wind,Mt Mercer Wind Farm,Wind
METZSF1,NMTZ1M,NSW1,METZSF,METZSF,0.8557,1.0,SEMI-SCHEDULED,3.0,3.0,23.0,23.0,132.0,135.0,Y,GENERATOR,115.0,SLOW,,,,Y,Y,23.0,23.0,0.0,Solar,Metz Solar Farm,Solar
MEWF1,QWKM1M,QLD1,MEWF,EEQMEWF,0.9649,1.0,SEMI-SCHEDULED,3.0,3.0,159.0,159.0,275.0,180.0,N,GENERATOR,178.0,SLOW,,,,Y,Y,159.0,159.0,0.0,Wind,Mount Emerald Wind Farm,Wind
MIDDLSF1,QLIS2M,QLD1,MIDDLESF,CAPRISF,0.9381,0.961,SEMI-SCHEDULED,1.0,1.0,6.0,6.0,66.0,30.0,N,GENERATOR,26.0,SLOW,,,,Y,Y,6.0,6.0,0.0,Solar,Middlemount Solar Farm,Solar
MIDLDPS1,TAV21M,TAS1,MIDLDPS,TASIRRIG,1.0121,1.0,NON-SCHEDULED,,,0.0,0.0,22.0,6.0,N,GENERATOR,7.0,NOT DISPATCHED,,,,N,N,0.0,0.0,,,Midlands Power Station,
MINTARO,SMPS,SA1,MINTARO,PEAKCO,0.9651,1.0,SCHEDULED,3.0,3.0,5.0,5.0,132.0,90.0,N,GENERATOR,105.0,FAST,,,,N,N,5.0,5.0,0.69354158,Natural Gas (Pipeline),Mintaro Gas Turbine Station,Fossil
MINTNL1,SWAT,SA1,MINTARO,PEAKCO,0.979,1.0,NON-SCHEDULED,,,,,330.0,25.0,N,GENERATOR,30.0,NOT DISPATCHED,,,N,N,N,,,0.69354158,Natural Gas (Pipeline),Mintaro Gas Turbine Station,Fossil
MLSP1,ACA12M,NSW1,MLSP,MUGGALSP,0.9821,0.9988,NON-SCHEDULED,,,0.0,0.0,11.0,12.0,N,GENERATOR,12.0,NOT DISPATCHED,,,,Y,N,0.0,0.0,0.0,Solar,Mugga Lane Solar Park,Solar
MLWF1,VTGT4M,VIC1,MLWF,YESSA,1.0018,0.9054,NON-SCHEDULED,,,0.0,0.0,66.0,20.0,N,GENERATOR,20.0,NOT DISPATCHED,,,,Y,N,0.0,0.0,0.0,Wind,Mortons Lane Wind Farm,Wind
MOKOSF1,VGN61M,VIC1,MOKOANSF,MOKOANSF,0.9415,1.0,SEMI-SCHEDULED,10.0,10.0,10.0,10.0,66.0,58.0,Y,GENERATOR,46.0,SLOW,,,,Y,Y,10.0,10.0,0.0,Solar,Mokoan Solar Farm,Solar
MOLNGSF1,NMOS1M,NSW1,MOLNGSF,MOLONGOP,0.9573,1.0,SEMI-SCHEDULED,1.0,1.0,6.0,6.0,132.0,36.0,N,GENERATOR,30.0,SLOW,,,,Y,Y,6.0,6.0,0.0,Solar,Molong Solar Farm,Solar
MOORAWF1,VELT2M,VIC1,MOORAWF,MOORAWF,0.9569,1.0,SEMI-SCHEDULED,3.0,3.0,61.0,61.0,220.0,312.0,Y,GENERATOR,305.0,SLOW,,,,Y,Y,61.0,61.0,0.0,Wind,Moorabool Wind Farm,Wind
MORANBAH,QMRL1M,QLD1,MORANBAH,MORANBAH,1.0008,0.999,NON-SCHEDULED,,,,,11.0,13.0,N,GENERATOR,13.0,NOT DISPATCHED,,,,N,N,,,0.56318004,Coal seam methane,Moranbah Generation Project,Fossil
MOREESF1,NMR41M,NSW1,MOREESF,MOREEAC,0.8387,0.9865,SEMI-SCHEDULED,1.0,1.0,60.0,60.0,66.0,57.0,N,GENERATOR,56.0,SLOW,,,,Y,Y,60.0,60.0,0.0,Solar,MOREE SOLAR FARM,Solar
MORTLK11,VM0P1O,VIC1,MORTLK,BORAL,0.9969,1.0,SCHEDULED,3.0,3.0,50.0,50.0,500.0,283.0,Y,GENERATOR,292.0,FAST,,,,N,N,50.0,50.0,0.46711177,Natural Gas (Pipeline),Mortlake Power Station,Fossil
MORTLK12,VM0P2O,VIC1,MORTLK,BORAL,0.9969,1.0,SCHEDULED,3.0,3.0,59.0,59.0,500.0,283.0,Y,GENERATOR,292.0,FAST,,,,N,N,59.0,59.0,0.46711177,Natural Gas (Pipeline),Mortlake Power Station,Fossil
MOUSF1,QMRR1M,QLD1,MOUSF,MOUSF,0.9328,1.0,SEMI-SCHEDULED,2.0,2.0,17.0,17.0,132.0,99.0,Y,GENERATOR,82.0,SLOW,,,,Y,Y,17.0,17.0,0.0,Solar,Moura Solar Farm,Solar
MP1,NMTP1,NSW1,MP,TRUDW,0.9727,1.0,SCHEDULED,3.0,3.0,25.0,25.0,330.0,730.0,Y,GENERATOR,730.0,SLOW,,,,N,N,25.0,25.0,0.80116441,Black coal,MT PIPER POWER STATION,Fossil
MP2,NMTP2,NSW1,MP,TRUDW,0.9727,1.0,SCHEDULED,3.0,3.0,25.0,25.0,330.0,700.0,Y,GENERATOR,700.0,SLOW,,,,N,N,25.0,25.0,0.80116441,Black coal,MT PIPER POWER STATION,Fossil
MPNL1,NMPPL,NSW1,MP,TRUDW,0.9727,1.0,NON-SCHEDULED,,,,,330.0,25.0,N,GENERATOR,30.0,NOT DISPATCHED,,,N,N,N,,,0.80116441,Black coal,MT PIPER POWER STATION,Fossil
MPP_1,QBCK1,QLD1,MILLMERN,METPL,0.98,1.0,SCHEDULED,3.0,3.0,10.0,10.0,330.0,426.0,Y,GENERATOR,435.0,SLOW,,,,N,N,10.0,10.0,0.82524986,Black coal,Millmerran Power Plant,Fossil
MPP_2,QBCK2,QLD1,MILLMERN,METPL,0.98,1.0,SCHEDULED,3.0,3.0,10.0,10.0,330.0,426.0,Y,GENERATOR,435.0,SLOW,,,,N,N,10.0,10.0,0.82524986,Black coal,Millmerran Power Plant,Fossil
MRTLSWF1,VTG21M,VIC1,MRTLSWF,MORTLSWF,0.9525,1.0,SEMI-SCHEDULED,3.0,3.0,31.0,31.0,220.0,157.0,Y,GENERATOR,153.0,SLOW,,,,Y,Y,31.0,31.0,0.0,Wind,Mortlake South Wind Farm,Wind
MSTUART1,QMSP1,QLD1,MSTUART,BORAL,0.9121,1.0,SCHEDULED,3.0,3.0,31.0,31.0,132.0,144.0,Y,GENERATOR,152.0,FAST,,,,N,N,31.0,31.0,1.00163056,Kerosene - non aviation,Mt Stuart Power Station,Fossil
MSTUART2,QMSP2,QLD1,MSTUART,BORAL,0.9121,1.0,SCHEDULED,3.0,3.0,31.0,31.0,132.0,144.0,Y,GENERATOR,152.0,FAST,,,,N,N,31.0,31.0,1.00163056,Kerosene - non aviation,Mt Stuart Power Station,Fossil
MSTUART3,QMSP3M,QLD1,MSTUART,BORAL,0.9121,1.0,SCHEDULED,3.0,3.0,28.0,28.0,132.0,131.0,Y,GENERATOR,139.0,FAST,,,,N,N,28.0,28.0,1.00163056,Kerosene - non aviation,Mt Stuart Power Station,Fossil
MTGELWF1,VGTW1M,VIC1,MTGELWF,MTGELLWF,0.9879,0.9752,SEMI-SCHEDULED,3.0,3.0,200.0,400.0,66.0,138.0,N,GENERATOR,132.0,SLOW,,,,Y,Y,200.0,400.0,0.0,Wind,Mt Gellibrand Wind Farm,Wind
MTMILLAR,SMTM1,SA1,MTMILLAR,MTMILLAR,0.9403,1.0,SEMI-SCHEDULED,2.0,2.0,14.0,14.0,33.0,70.0,N,GENERATOR,70.0,SLOW,,,,Y,Y,14.0,14.0,0.0,Wind,Mt Millar Wind Farm,Wind
MUCRKSF1,QWLM1M,QLD1,MUCRKSF,MUNCRKSF,0.9759,0.984,SEMI-SCHEDULED,24.0,24.0,24.0,24.0,132.0,154.0,Y,GENERATOR,120.0,SLOW,,,,Y,Y,24.0,24.0,0.0,Solar,Munna Creek Solar Farm,Solar
MURAYNL1,NMURL1,VIC1,MURRAY,SNOWY,0.9819,1.0,NON-SCHEDULED,,,,,330.0,25.0,N,GENERATOR,30.0,NOT DISPATCHED,,,N,N,N,,,0.0,Hydro,Murray Power Station,Hydro
MURAYNL2,NMURL2,VIC1,MURRAY,SNOWY,0.9819,1.0,NON-SCHEDULED,,,,,330.0,25.0,N,GENERATOR,30.0,NOT DISPATCHED,,,N,N,N,,,0.0,Hydro,Murray Power Station,Hydro
MURAYNL3,NMURL3,VIC1,MURRAY,SNOWY,0.9819,1.0,NON-SCHEDULED,,,,,330.0,25.0,N,GENERATOR,30.0,NOT DISPATCHED,,,N,N,N,,,0.0,Hydro,Murray Power Station,Hydro
MURR1-1,NMUR01,VIC1,MURRAY1,SNOWY,0.98,1.0,NON-SCHEDULED,,,,,330.0,95.0,N,GENERATOR,95.0,NOT DISPATCHED,,,,N,N,,,,,MURRAY1,
MURR1-10,NMUR10,VIC1,MURRAY1,SNOWY,0.98,1.0,NON-SCHEDULED,,,,,330.0,95.0,N,GENERATOR,95.0,NOT DISPATCHED,,,,N,N,,,,,MURRAY1,
MURR1-2,NMUR02,VIC1,MURRAY1,SNOWY,0.98,1.0,NON-SCHEDULED,,,,,330.0,95.0,N,GENERATOR,95.0,NOT DISPATCHED,,,,N,N,,,,,MURRAY1,
MURR1-3,NMUR03,VIC1,MURRAY1,SNOWY,0.98,1.0,NON-SCHEDULED,,,,,330.0,95.0,N,GENERATOR,95.0,NOT DISPATCHED,,,,N,N,,,,,MURRAY1,
MURR1-4,NMUR04,VIC1,MURRAY1,SNOWY,0.98,1.0,NON-SCHEDULED,,,,,330.0,95.0,N,GENERATOR,95.0,NOT DISPATCHED,,,,N,N,,,,,MURRAY1,
MURR1-5,NMUR05,VIC1,MURRAY1,SNOWY,0.98,1.0,NON-SCHEDULED,,,,,330.0,95.0,N,GENERATOR,95.0,NOT DISPATCHED,,,,N,N,,,,,MURRAY1,
MURR1-6,NMUR06,VIC1,MURRAY1,SNOWY,0.98,1.0,NON-SCHEDULED,,,,,330.0,95.0,N,GENERATOR,95.0,NOT DISPATCHED,,,,N,N,,,,,MURRAY1,
MURR1-7,NMUR07,VIC1,MURRAY1,SNOWY,0.98,1.0,NON-SCHEDULED,,,,,330.0,95.0,N,GENERATOR,95.0,NOT DISPATCHED,,,,N,N,,,,,MURRAY1,
MURR1-8,NMUR08,VIC1,MURRAY1,SNOWY,0.98,1.0,NON-SCHEDULED,,,,,330.0,95.0,N,GENERATOR,95.0,NOT DISPATCHED,,,,N,N,,,,,MURRAY1,
MURR1-9,NMUR09,VIC1,MURRAY1,SNOWY,0.98,1.0,NON-SCHEDULED,,,,,330.0,95.0,N,GENERATOR,95.0,NOT DISPATCHED,,,,N,N,,,,,MURRAY1,
MURR2-1,NMUR21,VIC1,MURRAY2,SNOWY,0.98,1.0,NON-SCHEDULED,,,,,330.0,137.5,N,GENERATOR,137.5,NOT DISPATCHED,,,,N,N,,,,,MURRAY2,
MURR2-2,NMUR22,VIC1,MURRAY2,SNOWY,0.98,1.0,NON-SCHEDULED,,,,,330.0,137.5,N,GENERATOR,137.5,NOT DISPATCHED,,,,N,N,,,,,MURRAY2,
MURR2-3,NMUR23,VIC1,MURRAY2,SNOWY,0.98,1.0,NON-SCHEDULED,,,,,330.0,137.5,N,GENERATOR,137.5,NOT DISPATCHED,,,,N,N,,,,,MURRAY2,
MURR2-4,NMUR24,VIC1,MURRAY2,SNOWY,0.98,1.0,NON-SCHEDULED,,,,,330.0,137.5,N,GENERATOR,202.0,NOT DISPATCHED,,,,N,N,,,,,MURRAY2,
MURRAY,NMUR8,VIC1,MURRAY,SNOWY,0.9819,1.0,SCHEDULED,32.0,32.0,450.0,450.0,330.0,1500.0,Y,GENERATOR,1575.0,FAST,,,,N,N,450.0,450.0,0.0,Hydro,Murray Power Station,Hydro
MUSSELR1,TDE11M,TAS1,MUSSELRO,HTWIND,0.9101,1.0,SEMI-SCHEDULED,3.0,3.0,168.0,168.0,110.0,168.0,Y,GENERATOR,168.0,SLOW,,,,Y,Y,168.0,168.0,0.0,Wind,Musselroe Wind Farm,Wind
MUWAWF1,VMRT1M,VIC1,MUWAWF,MWARRA,0.8817,1.0,SEMI-SCHEDULED,3.0,3.0,45.0,45.0,220.0,231.0,N,GENERATOR,225.0,SLOW,,,,Y,Y,45.0,45.0,0.0,Wind,Murra Warra Wind Farm,Wind
MUWAWF2,VMRT2M,VIC1,MUWAWF2,MUWARRA2,0.8817,1.0,SEMI-SCHEDULED,3.0,3.0,40.0,40.0,220.0,209.0,Y,GENERATOR,203.0,SLOW,,,,Y,Y,40.0,40.0,0.0,Wind,Murra Warra Wind Farm Stage 2,Wind
MWPS1PV1,SMW11M,SA1,MWPS1,SAWCML,1.0146,1.0,SEMI-SCHEDULED,1.0,1.0,1.0,1.0,3.0,5.0,N,GENERATOR,4.0,SLOW,,,,Y,Y,1.0,1.0,0.0,Solar,Morgan-Whyalla Pipeline Pumping Station No 1,Solar
MWPS2PV1,SMW21M,SA1,MWPS2,SAWCML,1.003,1.0,SEMI-SCHEDULED,1.0,1.0,1.0,1.0,3.0,5.0,N,GENERATOR,4.0,SLOW,,,,Y,Y,1.0,1.0,0.0,Solar,Morgan-Whyalla Pipeline Pumping Station No 2,Solar
MWPS3PV1,SMW31M,SA1,MWPS3,SAWCML,0.9897,1.0,SEMI-SCHEDULED,1.0,1.0,2.0,2.0,3.0,7.0,N,GENERATOR,6.0,SLOW,,,,Y,Y,2.0,2.0,0.0,Solar,Morgan-Whyalla Pipeline Pumping Station No 3,Solar
MWPS4PV1,SMW41M,SA1,MWPS4,SAWCML,0.9837,1.0,SEMI-SCHEDULED,1.0,1.0,1.0,1.0,3.0,5.0,N,GENERATOR,4.0,SLOW,,,,Y,Y,1.0,1.0,0.0,Solar,Morgan-Whyalla Pipeline Pumping Station No 4,Solar
NASF1,NWLS1N,NSW1,NASF,DUBBONA,0.923,1.0,NON-SCHEDULED,,,1.0,1.0,11.0,10.0,N,GENERATOR,9.0,NOT DISPATCHED,,,,Y,N,1.0,1.0,0.0,Solar,Narromine Solar Farm,Solar
NBHWF1,SBEL1A,SA1,NBHWF,TIPSCO,0.9579,1.0,SEMI-SCHEDULED,3.0,3.0,30.0,30.0,275.0,132.0,N,GENERATOR,132.0,SLOW,,,,Y,Y,30.0,30.0,0.0,Wind,North Brown Hill Wind Farm,Wind
NEVERSF1,NWLS3N,NSW1,NEVERSF,NVTSF,0.923,0.9198,SEMI-SCHEDULED,3.0,3.0,21.0,21.0,132.0,132.0,N,GENERATOR,105.0,SLOW,,,,Y,Y,21.0,21.0,0.0,Solar,NEVERTIRE SOLAR FARM,Solar
NEWENSF1,NURR1N,NSW1,NEWENGSF,NEWENGSF,0.8803,1.0,SEMI-SCHEDULED,3.0,3.0,40.0,40.0,330.0,235.0,Y,GENERATOR,200.0,SLOW,,,,Y,Y,40.0,40.0,0.0,Solar,New England Solar Farm,Solar
NEWENSF2,NURR2N,NSW1,NEWENGSF,NEWENGSF,0.8803,1.0,SEMI-SCHEDULED,3.0,3.0,40.0,40.0,330.0,235.0,Y,GENERATOR,200.0,SLOW,,,,Y,Y,40.0,40.0,0.0,Solar,New England Solar Farm,Solar
NPS,VNPS,VIC1,NEWPORT,ECOGEN,0.9943,1.0,SCHEDULED,3.0,3.0,20.0,20.0,220.0,500.0,N,GENERATOR,510.0,SLOW,,,,N,N,20.0,20.0,0.5325429,Natural Gas (Pipeline),NEWPORT POWER STATION,Fossil
NUMURSF1,VSHS1N,VIC1,NUMURKSF,NUMURKSF,0.9463,0.9685,SEMI-SCHEDULED,3.0,3.0,20.0,20.0,66.0,112.0,N,GENERATOR,100.0,SLOW,,,,Y,Y,20.0,20.0,0.0,Solar,Numurkah Solar Farm,Solar
NYNGAN1,NWL82N,NSW1,NYNGAN,TLTSFS,0.9793,0.9129,SEMI-SCHEDULED,3.0,3.0,20.0,20.0,132.0,102.0,N,GENERATOR,102.0,SLOW,,,,Y,Y,20.0,20.0,0.0,Solar,Nyngan Solar Plant,Solar
OAKEY1,QOKY1,QLD1,OAKEY,ERMPOWER,0.9666,1.0,SCHEDULED,3.0,3.0,30.0,30.0,110.0,144.0,Y,GENERATOR,173.0,FAST,,,,N,N,30.0,30.0,0.6636832,Natural Gas (Pipeline),OAKEY POWER STATION,Fossil
OAKEY1SF,QTKS1O,QLD1,OAKEY1SF,DIAMDGEN,0.9852,0.992,SEMI-SCHEDULED,1.0,1.0,1000.0,1000.0,33.0,30.0,N,GENERATOR,25.0,SLOW,,,,Y,Y,1000.0,1000.0,0.0,Solar,Oakey 1 Solar Farm,Solar
OAKEY2,QOKY2,QLD1,OAKEY,ERMPOWER,0.9666,1.0,SCHEDULED,3.0,3.0,30.0,30.0,110.0,144.0,Y,GENERATOR,173.0,FAST,,,,N,N,30.0,30.0,0.6636832,Natural Gas (Pipeline),OAKEY POWER STATION,Fossil
OAKEY2SF,QTKS2O,QLD1,OAKEY2SF,DIAMDGEN,0.9852,0.992,SEMI-SCHEDULED,1.0,1.0,32.0,32.0,33.0,65.0,N,GENERATOR,55.0,SLOW,,,,Y,Y,32.0,32.0,0.0,Solar,Oakey 2 Solar Farm,Solar
OAKLAND1,VTGT3A,VIC1,OAKLAND,SOUTHYD2,1.0018,0.8891,SEMI-SCHEDULED,1.0,1.0,30.0,30.0,66.0,67.0,N,GENERATOR,63.0,SLOW,,,,Y,Y,30.0,30.0,0.0,Wind,Oaklands Hill Wind Farm,Wind
OAKY2,QLIL3O,QLD1,OAKY2,EDLOCI,0.9564,0.9622,NON-SCHEDULED,,,0.0,0.0,11.0,15.0,N,GENERATOR,15.0,NOT DISPATCHED,,,,N,N,0.0,0.0,0.6336557,Coal mine waste gas,Oaky Creek 2,Fossil
OAKYCREK,QLIL1,QLD1,OCPS,EDLOCI,0.9564,0.9657,NON-SCHEDULED,,,,,66.0,20.0,N,GENERATOR,20.0,NOT DISPATCHED,,,N,N,N,,,0.60223865,Natural Gas (Pipeline),Oaky Creek Power Station,Fossil
OSB-AG,SNBN1,SA1,OSBORNE,BORAL,0.9995,1.0,SCHEDULED,5.0,5.0,41.0,41.0,66.0,180.0,N,GENERATOR,204.0,SLOW,,,,N,N,41.0,41.0,0.41466924,Natural Gas (Pipeline),OSBORNE POWER STATION,Fossil
PALOONA,TPA11,TAS1,PALOONA,HYDROTAS,0.9648,1.0,NON-SCHEDULED,,,,,110.0,28.0,Y,GENERATOR,33.0,NOT DISPATCHED,,,Y,Y,N,,,0.0,Hydro,Paloona Power Station,Hydro
PAREPS1,SDAP2P,SA1,PAREP,BBPEM,0.9735,1.0,SEMI-SCHEDULED,2.0,2.0,15.0,15.0,275.0,99.0,Y,GENERATOR,77.0,SLOW,,,,Y,Y,15.0,15.0,0.0,Solar,Port Augusta Renewable Energy Park,Solar
PAREPW1,SDAP1P,SA1,PAREP,BBPEM,0.9735,1.0,SEMI-SCHEDULED,3.0,3.0,41.0,41.0,275.0,210.0,Y,GENERATOR,201.0,SLOW,,,,Y,Y,41.0,41.0,0.0,Wind,Port Augusta Renewable Energy Park,Wind
PARSF1,NPG11P,NSW1,PSF,PSF,0.8888,1.0,SEMI-SCHEDULED,1.0,1.0,1000.0,1000.0,66.0,55.0,N,GENERATOR,50.0,SLOW,,,,Y,Y,1000.0,1000.0,0.0,Solar,Parkes Solar Farm,Solar
PINDARI,NGLN1,NSW1,PINDARI,SOUTHHYD,0.8932,1.0,NON-SCHEDULED,,,,,66.0,6.0,N,GENERATOR,6.0,NOT DISPATCHED,,,N,N,N,,,0.0,Hydro,Pindari Hydro Power Station,Hydro
PIONEER,QTVS,QLD1,PIONEER,PIONEER,1.0034,1.0,NON-SCHEDULED,,,,,66.0,68.0,N,GENERATOR,68.0,NOT DISPATCHED,,,N,Y,N,,,0.02008064,Biomass and industrial materials,Pioneer Sugar Mill,Biofuel
PO110NL1,TAL22,TAS1,PTINA110,HYDROTAS,0.9891,1.0,NON-SCHEDULED,,,,,110.0,25.0,N,GENERATOR,30.0,NOT DISPATCHED,,,N,N,N,,,0.0,Hydro,Poatina Power Station,Hydro
POAT110,TPM21,TAS1,PTINA110,HYDROTAS,0.9763,1.0,SCHEDULED,2.0,2.0,20.0,20.0,110.0,100.0,Y,GENERATOR,124.0,SLOW,,,,N,N,20.0,20.0,0.0,Hydro,Poatina Power Station,Hydro
POAT220,TPM11,TAS1,PTINA220,HYDROTAS,0.9845,1.0,SCHEDULED,4.0,4.0,40.0,40.0,220.0,200.0,Y,GENERATOR,248.0,SLOW,,,,N,N,40.0,40.0,0.0,Hydro,Poatina Power Station,Hydro
POR01,SPLN1,SA1,PORTLCN,PEAKCO,0.9895,1.0,SCHEDULED,2.0,2.0,6.0,6.0,132.0,50.0,N,GENERATOR,55.0,FAST,,,,N,N,6.0,6.0,1.33458883,Diesel oil,Port Lincoln Gas Turbine,Fossil
POR03,SPL31P,SA1,PORTLCN,PEAKCO,0.9916,1.0,SCHEDULED,1.0,1.0,5.0,5.0,33.0,23.0,N,GENERATOR,23.0,FAST,,,,N,N,5.0,5.0,1.33458883,Diesel oil,Port Lincoln Gas Turbine,Fossil
PORTWF,VAPD3W,VIC1,PORTWF,PORTWF,1.0003,1.0,NON-SCHEDULED,,,0.0,0.0,500.0,148.0,N,GENERATOR,148.0,NOT DISPATCHED,,,,Y,N,0.0,0.0,0.0,Wind,Portland Wind Farm,Wind
PPCCGT,SPPT,SA1,NPPPPS,NPSAIL,0.9983,1.0,SCHEDULED,9.0,9.0,20.0,20.0,275.0,478.0,Y,GENERATOR,522.0,SLOW,,,,N,N,20.0,20.0,0.40024907,Natural Gas (Pipeline),Pelican Point Power Station,Fossil
PTSTAN1,SMVE3P,SA1,STANVAC,SNOWY,1.0037,1.0022,SCHEDULED,15.0,15.0,15.0,15.0,66.0,58.0,N,GENERATOR,65.0,FAST,,,,N,N,15.0,15.0,0.65798463,Diesel oil,Pt Stanvac Power Station,Fossil
QPS1,SQPS1,SA1,QUARANTN,BORAL,0.9957,1.0,SCHEDULED,1.0,1.0,6.0,6.0,66.0,29.0,N,GENERATOR,29.0,FAST,,,,N,N,6.0,6.0,0.6039767,Natural Gas (Pipeline),Quarantine Power Station,Fossil
QPS2,SQPS2,SA1,QUARANTN,BORAL,0.9957,1.0,SCHEDULED,1.0,1.0,5.0,5.0,66.0,24.0,N,GENERATOR,25.0,FAST,,,,N,N,5.0,5.0,,,Quarantine Power Station,
QPS3,SQPS3,SA1,QUARANTN,BORAL,0.9957,1.0,SCHEDULED,1.0,1.0,6.0,6.0,66.0,24.0,N,GENERATOR,29.0,FAST,,,,N,N,6.0,6.0,0.6039767,Natural Gas (Pipeline),Quarantine Power Station,Fossil
QPS4,SQPS4,SA1,QUARANTN,BORAL,0.9957,1.0,SCHEDULED,1.0,1.0,5.0,5.0,66.0,24.0,N,GENERATOR,25.0,FAST,,,,N,N,5.0,5.0,,,Quarantine Power Station,
QPS5,SQPS5Q,SA1,QUARANTN,BORAL,0.9957,1.0,SCHEDULED,3.0,3.0,26.0,26.0,66.0,128.0,Y,GENERATOR,128.0,FAST,,,,N,N,26.0,26.0,0.6039767,Natural Gas (Pipeline),Quarantine Power Station,Fossil
RACOMIL1,QMKA1R,QLD1,RACOMIL,MACKAYS,1.0026,0.998,NON-SCHEDULED,,,0.0,0.0,66.0,48.0,N,GENERATOR,48.0,NOT DISPATCHED,,,,N,N,0.0,0.0,0.02008064,Biomass and industrial materials,Racecourse Mill Power Station,Biofuel
REECE1,TRCA1,TAS1,REECE,HYDROTAS,0.9203,1.0,SCHEDULED,3.0,3.0,40.0,40.0,220.0,116.0,Y,GENERATOR,119.0,SLOW,,,,N,N,40.0,40.0,0.0,Hydro,Reece Power Station,Hydro
REECE2,TRCB1,TAS1,REECE,HYDROTAS,0.9187,1.0,SCHEDULED,3.0,3.0,40.0,40.0,220.0,116.0,Y,GENERATOR,119.0,SLOW,,,,N,N,40.0,40.0,0.0,Hydro,Reece Power Station,Hydro
REPULSE,TCL12,TAS1,REPULSE,HYDROTAS,0.9857,1.0,NON-SCHEDULED,,,0.0,0.0,220.0,28.0,Y,GENERATOR,34.0,NOT DISPATCHED,,,,Y,N,0.0,0.0,0.0,Hydro,Repulse Power Station,Hydro
ROMA_7,QRMA7,QLD1,ROMA,BORAL,0.9687,0.984,SCHEDULED,1.0,1.0,9.0,9.0,132.0,40.0,N,GENERATOR,42.0,FAST,,,,N,N,9.0,9.0,0.64989842,Natural Gas (Pipeline),Roma Gas Turbine Station,Fossil
ROMA_8,QRMA8,QLD1,ROMA,BORAL,0.9687,0.984,SCHEDULED,1.0,1.0,9.0,9.0,132.0,40.0,N,GENERATOR,42.0,FAST,,,,N,N,9.0,9.0,0.64989842,Natural Gas (Pipeline),Roma Gas Turbine Station,Fossil
ROWALLAN,TFI12,TAS1,ROWALLAN,HYDROTAS,0.9533,1.0,NON-SCHEDULED,,,,,220.0,11.0,N,GENERATOR,11.0,NOT DISPATCHED,,,N,Y,N,,,,,Rowallan Power Station,
ROYALLA1,ACA11R,NSW1,ROYALLA,FRVROYAL,0.9814,0.9986,NON-SCHEDULED,,,0.0,0.0,11.0,20.0,N,GENERATOR,20.0,NOT DISPATCHED,,,,Y,N,0.0,0.0,0.0,Solar,Royalla Solar Farm,Solar
RPCG,QLGH2,QLD1,RPCG,WHECKSON,1.0099,1.00714,NON-SCHEDULED,,,0.0,0.0,110.0,30.0,N,GENERATOR,30.0,NOT DISPATCHED,,,,N,N,0.0,0.0,0.02008064,Biomass and industrial materials,Rocky Point Cogeneration Plant,Biofuel
RRSF1,QROG3R,QLD1,RRSF,ROSSRVER,0.9516,1.0,SEMI-SCHEDULED,3.0,3.0,696.0,696.0,132.0,128.0,N,GENERATOR,116.0,SLOW,,,,Y,Y,696.0,696.0,0.0,Solar,Ross River Solar Farm,Solar
RUBICON,VTT21R,VIC1,RUBICON,SOUTHHYD,0.9981,0.9967,NON-SCHEDULED,,,0.0,0.0,22.0,13.55,N,GENERATOR,13.55,NOT DISPATCHED,,,,N,N,0.0,0.0,,,Rubicon Mountain Streams Station,
RUGBYR1,QMPL1R,QLD1,RUGBYR,NEWGEN,0.9463,1.0,SEMI-SCHEDULED,1.0,1.0,17.0,17.0,132.0,83.0,N,GENERATOR,65.0,SLOW,,,,Y,Y,17.0,17.0,0.0,Solar,Rugby Run Solar Farm,Solar
RYANCWF1,VTR31R,VIC1,RYANCWF,RYAN,0.9875,1.0,SEMI-SCHEDULED,41.0,41.0,41.0,41.0,132.0,218.0,Y,GENERATOR,205.0,SLOW,,,,Y,Y,41.0,41.0,0.0,Wind,Ryan Corner Wind Farm,Wind
RYEPARK1,NRPK1R,NSW1,RYEPARK,RYEPARK,0.9595,1.0,SEMI-SCHEDULED,3.0,3.0,77.0,77.0,330.0,396.0,Y,GENERATOR,384.0,SLOW,,,,Y,Y,77.0,77.0,0.0,Wind,Rye Park Renewable Energy,Wind
SALTCRK1,VTG61S,VIC1,SALTCRK,SALTCRK,0.9519,1.0,SEMI-SCHEDULED,1.0,1.0,162.0,162.0,66.0,54.0,N,GENERATOR,54.0,SLOW,,,,Y,Y,162.0,162.0,0.0,Wind,Salt Creek Wind Farm,Wind
SAPHWF1,NSAP1S,NSW1,SAPHWF1,SAPHWF1,0.8558,1.0,SEMI-SCHEDULED,3.0,3.0,225.0,225.0,330.0,270.0,N,GENERATOR,270.0,SLOW,,,,Y,Y,225.0,225.0,0.0,Wind,Sapphire Wind Farm,Wind
SEBSF1,NWGJ2S,NSW1,SEBSF,SEBSF,0.922,0.9717,SEMI-SCHEDULED,2.0,2.0,18.0,18.0,132.0,110.0,Y,GENERATOR,90.0,SLOW,,,,Y,Y,18.0,18.0,0.0,Solar,Sebastopol Solar Farm,Solar
SHEP1,VSHT2S,VIC1,SHEP1,DIAMOND,1.0315,1.0,NON-SCHEDULED,,,,,22.0,1.0,N,GENERATOR,1.0,NOT DISPATCHED,,,N,N,N,,,0.02008064,Biomass and industrial materials,Shepparton Wastewater Treatment Facility,Biofuel
SHGEN,NSHL,NSW1,SHOALHAV,BORAL,0.9772,1.0,SCHEDULED,6.0,6.0,25.0,25.0,330.0,240.0,N,GENERATOR,247.0,FAST,,,,N,N,25.0,25.0,0.0,Hydro,Shoalhaven Power Station (Bendeela And Kangaroo Valley Power Station And Pumps),Hydro
SHOAL1,NDT15S,NSW1,SHOALC,SHOAL,0.9934,1.0288,NON-SCHEDULED,,,0.0,0.0,33.0,54.0,N,GENERATOR,54.0,NOT DISPATCHED,,,,N,N,0.0,0.0,0.60223865,Natural Gas (Pipeline),Shoalhaven Starches Cogeneration Plant,Fossil
SITHE01,NSYW1,NSW1,SITHE,SITHE,1.0017,0.9748,SCHEDULED,3.0,3.0,25.0,25.0,33.0,125.0,N,GENERATOR,125.0,FAST,,,,N,N,25.0,25.0,0.70496929,Natural Gas (Pipeline),SMITHFIELD ENERGY FACILITY,Fossil
SKSF1,NWLS2S,NSW1,SKSF,DUBBOSK,0.923,0.9802,NON-SCHEDULED,,,0.0,0.0,11.0,15.0,N,GENERATOR,13.0,NOT DISPATCHED,,,,Y,N,0.0,0.0,0.0,Solar,South Keswick Solar Farm,Solar
SMCSF1,QTZS1S,QLD1,SMCSF,SMCTSV,1.0151,1.0,SEMI-SCHEDULED,3.0,3.0,25.0,25.0,132.0,143.0,N,GENERATOR,121.0,SLOW,,,,Y,Y,25.0,25.0,0.0,Solar,Sun Metals Solar Farm,Solar
SNAPPER1,SNPT1S,SA1,SNAPPER,PORTADL,0.9987,1.0,SCHEDULED,5.0,5.0,30.0,30.0,275.0,154.0,Y,GENERATOR,150.0,FAST,,,,N,N,30.0,30.0,0.54160075,Diesel oil,Snapper Point Power Station,Fossil
SNOWNTH1,SBLWS1,SA1,SNOWNTH,SNOWNTH,0.9695,1.0,SEMI-SCHEDULED,3.0,3.0,50.0,50.0,275.0,144.0,N,GENERATOR,144.0,SLOW,,,,Y,Y,50.0,50.0,0.0,Wind,Snowtown Wind Farm Stage 2 North,Wind
SNOWSTH1,SBLWS2,SA1,SNOWSTH,SNOWSTH,0.9695,1.0,SEMI-SCHEDULED,3.0,3.0,50.0,50.0,275.0,126.0,N,GENERATOR,126.0,SLOW,,,,Y,Y,50.0,50.0,0.0,Wind,Snowtown South Wind Farm,Wind
SNOWTWN1,SNWF1T,SA1,SNOWTOWN,SNOWTOWN,0.9157,1.0,SEMI-SCHEDULED,2.0,2.0,20.0,20.0,132.0,99.0,N,GENERATOR,99.0,SLOW,,,,Y,Y,20.0,20.0,0.0,Wind,Snowtown Wind Farm Units 1 And 47,Wind
SNOWYGJP,NGJP,VIC1,SNWYGJP2,SNOWY,1.0606,1.0,NON-SCHEDULED,,,0.0,0.0,132.0,70.0,N,GENERATOR,70.0,NOT DISPATCHED,,,,N,N,0.0,0.0,0.0,Hydro,Jindabyne Pump At Guthega,Hydro
SNUG1,SSGA1,SA1,SNUG,PEAKCO,0.9723,1.0,SCHEDULED,3.0,3.0,3.0,3.0,132.0,63.0,N,GENERATOR,69.0,FAST,,,,N,N,3.0,3.0,1.10687633,Diesel oil,SNUGGERY POWER STATION,Fossil
SNUG2,SSGA2,SA1,SNUG,PEAKCO,0.9579,1.0,NON-SCHEDULED,,,,,132.0,21.0,N,GENERATOR,21.0,NOT DISPATCHED,,,N,N,N,,,,,SNUGGERY POWER STATION,
SNUG3,SSGA3,SA1,SNUG,PEAKCO,0.9579,1.0,NON-SCHEDULED,,,,,132.0,21.0,N,GENERATOR,21.0,NOT DISPATCHED,,,N,N,N,,,,,SNUGGERY POWER STATION,
SNUGNL1,SSNN,SA1,SNUG,PEAKCO,0.995,1.0,NON-SCHEDULED,,,,,330.0,25.0,N,GENERATOR,30.0,NOT DISPATCHED,,,N,N,N,,,1.10687633,Diesel oil,SNUGGERY POWER STATION,Fossil
SRSF1,QTBS2S,QLD1,SRSF,SRSF1,0.9772,0.995,SEMI-SCHEDULED,2.0,2.0,255.0,255.0,33.0,85.0,N,GENERATOR,75.0,SLOW,,,,Y,Y,255.0,255.0,0.0,Solar,Susan River Solar Farm,Solar
STAN-1,QSTN1,QLD1,STANWELL,STANWELL,0.9273,1.0,SCHEDULED,3.0,3.0,77.0,77.0,275.0,365.0,Y,GENERATOR,385.0,SLOW,,,,N,N,77.0,77.0,0.86346126,Black coal,STANWELL POWER STATION,Fossil
STAN-2,QSTN2,QLD1,STANWELL,STANWELL,0.9273,1.0,SCHEDULED,3.0,3.0,77.0,77.0,275.0,365.0,Y,GENERATOR,385.0,SLOW,,,,N,N,77.0,77.0,0.86346126,Black coal,STANWELL POWER STATION,Fossil
STAN-3,QSTN3,QLD1,STANWELL,STANWELL,0.9273,1.0,SCHEDULED,3.0,3.0,77.0,77.0,275.0,365.0,Y,GENERATOR,385.0,SLOW,,,,N,N,77.0,77.0,0.86346126,Black coal,STANWELL POWER STATION,Fossil
STAN-4,QSTN4,QLD1,STANWELL,STANWELL,0.9273,1.0,SCHEDULED,3.0,3.0,77.0,77.0,275.0,365.0,Y,GENERATOR,385.0,SLOW,,,,N,N,77.0,77.0,0.86346126,Black coal,STANWELL POWER STATION,Fossil
STANNL1,QSTX,QLD1,STANWELL,STANWELL,0.9366,1.0,NON-SCHEDULED,,,,,330.0,25.0,N,GENERATOR,30.0,NOT DISPATCHED,,,N,N,N,,,0.86346126,Black coal,STANWELL POWER STATION,Fossil
STAPYLTON1,QLGH4S,QLD1,STAPYLTON,LMSENE,1.0099,1.0,NON-SCHEDULED,,,0.0,0.0,11.0,3.0,N,GENERATOR,3.0,NOT DISPATCHED,,,,N,N,0.0,0.0,0.0717325,Landfill biogas methane,Stapylton Renewable Energy Facility,Biofuel
STARHLWF,SMVE2,SA1,STARFHILL,STARFISH,1.0037,0.995,SEMI-SCHEDULED,1.0,1.0,7.0,7.0,33.0,35.0,N,GENERATOR,35.0,SLOW,,,,Y,Y,7.0,7.0,0.0,Wind,Starfish Hill Wind Farm,Wind
STGEORG1,NPHT1E,NSW1,STGEORGE,RESPONSE,1.0013,1.0,NON-SCHEDULED,,,,,1.0,1.0,N,GENERATOR,1.0,NOT DISPATCHED,,,N,N,N,,,0.8119863,Diesel oil,St George Leagues Plant,Fossil
STOCKYD1,VHGT1S,VIC1,STOCKYD,STOCKYRD,0.9845,1.0,SEMI-SCHEDULED,3.0,3.0,102.0,102.0,500.0,531.0,Y,GENERATOR,511.0,SLOW,,,,Y,Y,102.0,102.0,0.0,Wind,Stockyard Hill Wind Farm,Wind
STUBSF1,NSTB1S,NSW1,STUBBSF1,STUBB1SF,0.9429,1.0,SEMI-SCHEDULED,41.0,41.0,41.0,41.0,330.0,255.0,Y,GENERATOR,202.0,SLOW,,,,Y,Y,41.0,41.0,0.0,Solar,Stubbo Solar Farm 1,Solar
STUBSF2,NSTU1S,NSW1,STUBBSF2,STUBB1SF,0.9429,1.0,SEMI-SCHEDULED,40.0,40.0,40.0,40.0,330.0,248.0,Y,GENERATOR,198.0,SLOW,,,,Y,Y,40.0,40.0,0.0,Solar,Stubbo Solar Farm 2,Solar
STWF1,NBKW1S,NSW1,STWF,SLVRTN,0.8627,1.0,SEMI-SCHEDULED,3.0,3.0,50.0,50.0,220.0,198.0,N,GENERATOR,198.0,SLOW,,,,Y,Y,50.0,50.0,0.0,Wind,Silverton Wind Farm,Wind
SUNRSF1,NBSF2S,NSW1,SUNRSF,SUNRSF,0.8529,1.0,SEMI-SCHEDULED,3.0,3.0,40.0,40.0,220.0,228.0,N,GENERATOR,200.0,SLOW,,,,Y,Y,40.0,40.0,0.0,Solar,Sunraysia Solar Farm,Solar
SUNTPSF1,NWLW1S,NSW1,SUNTPSF,SUNTOP,0.9073,1.0,SEMI-SCHEDULED,3.0,3.0,30.0,30.0,132.0,175.0,N,GENERATOR,150.0,SLOW,,,,Y,Y,30.0,30.0,0.0,Solar,Suntop Solar Farm,Solar
SWAN_E,QSWE,QLD1,SWANBANK,CLEANCO,0.9994,1.0,SCHEDULED,3.0,3.0,77.0,77.0,275.0,385.0,Y,GENERATOR,385.0,SLOW,,,,N,N,77.0,77.0,0.39397667,Natural Gas (Pipeline),Swanbank B Power Station & Swanbank E Gas Turbine,Fossil
TABMILL2,QTUL1T,QLD1,TABMILL2,TBLANDGP,1.0128,0.992,NON-SCHEDULED,,,0.0,0.0,66.0,24.0,N,GENERATOR,17.0,NOT DISPATCHED,,,,N,N,0.0,0.0,0.02008064,Biomass and industrial materials,Tableland Mill Unit 2,Biofuel
TAHMOOR1,NLP12T,NSW1,TAHMOOR,EDLTT,1.001,1.0,NON-SCHEDULED,,,0.0,0.0,11.0,7.0,N,GENERATOR,7.0,NOT DISPATCHED,,,,N,N,0.0,0.0,0.6336557,Coal mine waste gas,Tahmoor Waste Coal Mine Gas Power Station,Fossil
TALWA1,NDT13T,NSW1,TALLAWAR,TALL,0.9893,1.0,SCHEDULED,3.0,3.0,88.0,88.0,132.0,440.0,N,GENERATOR,480.0,SLOW,,,,N,N,88.0,88.0,0.37097124,Natural Gas (Pipeline),Tallawarra Power Station,Fossil
TALWB1,NDTB1T,NSW1,TALLAWAR,TALL,0.9924,1.0,SCHEDULED,3.0,3.0,26.0,26.0,132.0,320.0,Y,GENERATOR,320.0,FAST,,,,N,N,26.0,26.0,0.37097124,Natural Gas (Pipeline),Tallawarra Power Station,Fossil
TARALGA1,NMR22T,NSW1,TARALGA,TARALGA,0.9971,0.9842,SEMI-SCHEDULED,3.0,3.0,180.0,180.0,132.0,106.0,N,GENERATOR,106.0,SLOW,,,,Y,Y,180.0,180.0,0.0,Wind,Taralga Wind Farm,Wind
TARNL1,QTRL,QLD1,TARONG,STANWELL,0.9725,1.0,NON-SCHEDULED,,,,,330.0,25.0,N,GENERATOR,30.0,NOT DISPATCHED,,,N,N,N,,,0.8865998,Black coal,TARONG POWER STATION,Fossil
TARONG#1,QTRN1,QLD1,TARONG,STANWELL,0.973,1.0,SCHEDULED,3.0,3.0,77.0,77.0,275.0,350.0,Y,GENERATOR,385.0,SLOW,,,,N,N,77.0,77.0,0.8865998,Black coal,TARONG POWER STATION,Fossil
TARONG#2,QTRN2,QLD1,TARONG,STANWELL,0.973,1.0,SCHEDULED,3.0,3.0,77.0,77.0,275.0,350.0,Y,GENERATOR,385.0,SLOW,,,,N,N,77.0,77.0,0.8865998,Black coal,TARONG POWER STATION,Fossil
TARONG#3,QTRN3,QLD1,TARONG,STANWELL,0.973,1.0,SCHEDULED,3.0,3.0,77.0,77.0,275.0,350.0,Y,GENERATOR,385.0,SLOW,,,,N,N,77.0,77.0,0.8865998,Black coal,TARONG POWER STATION,Fossil
TARONG#4,QTRN4,QLD1,TARONG,STANWELL,0.973,1.0,SCHEDULED,3.0,3.0,77.0,77.0,275.0,350.0,Y,GENERATOR,385.0,SLOW,,,,N,N,77.0,77.0,0.8865998,Black coal,TARONG POWER STATION,Fossil
TARRALEA,TTA11,TAS1,TARRALEA,HYDROTAS,0.9419,1.0,SCHEDULED,6.0,6.0,60.0,60.0,110.0,90.0,N,GENERATOR,94.0,SLOW,,,,N,N,60.0,60.0,0.0,Hydro,Tarraleah Power Station,Hydro
TATIARA1,SKET1E,SA1,TATIARA,RESPONSE,0.9925,1.0,NON-SCHEDULED,,,,,1.0,1.0,N,GENERATOR,1.0,NOT DISPATCHED,,,N,N,N,,,0.8119863,Diesel oil,Tataria Bordertown Plant,Fossil
TATURA01,VSHT1,VIC1,TATURA,DIAMOND,1.0315,1.0,NON-SCHEDULED,,,,,22.0,1.0,N,GENERATOR,1.0,NOT DISPATCHED,,,N,N,N,,,0.02008064,Biomass and industrial materials,Tatura Biomass Generator,Biofuel
TB2SF1,STBB1T,SA1,TB2HYB,TAILEM,0.9945,1.0,SEMI-SCHEDULED,2.0,2.0,18.0,18.0,132.0,105.0,Y,GENERATOR,87.0,SLOW,,,,Y,Y,18.0,18.0,0.0,Solar,Tailem Bend 2 Hybrid Renewable Power Station,Solar
TBSF1,STBS1T,SA1,TBSF,TBSOL,0.9952,1.0,SEMI-SCHEDULED,2.0,2.0,19.0,19.0,132.0,108.0,N,GENERATOR,95.0,SLOW,,,,Y,Y,19.0,19.0,0.0,Solar,Tailem Bend Solar Project 1,Solar
TGNSS1,VMWT1T,VIC1,TGNSS,NOVAPWR,0.9862,1.0016,NON-SCHEDULED,,,0.0,0.0,22.0,10.0,N,GENERATOR,10.0,NOT DISPATCHED,,,,N,N,0.0,0.0,0.60223865,Natural Gas (Pipeline),Traralgon Network Support Station,Fossil
THEDROP1,NFNY1D,NSW1,THEDROP,PACHYDIN,0.9712,1.0,NON-SCHEDULED,,,0.0,0.0,22.0,3.0,N,GENERATOR,3.0,NOT DISPATCHED,,,,N,N,0.0,0.0,0.0,Hydro,The Drop Power Station,Hydro
TIMWEST,VTGT5T,VIC1,TIMWEST,ALNTARES,1.0018,1.0,NON-SCHEDULED,,,0.0,0.0,22.0,7.0,N,GENERATOR,7.0,NOT DISPATCHED,,,,Y,N,0.0,0.0,0.0,Wind,Timboon West Wind Farm,Wind
TITREE,QABM1T,QLD1,TITREE,VESTTGEN,1.0,1.03885,NON-SCHEDULED,,,,,33.0,2.0,N,GENERATOR,2.0,NOT DISPATCHED,,,N,N,N,,,0.0717325,Landfill biogas methane,Veolia Ti Tree Bio Reactor,Biofuel
TNPS1,QTNT,QLD1,TARONGN,STANWELL,0.9736,1.0,SCHEDULED,3.0,3.0,96.0,96.0,275.0,443.0,Y,GENERATOR,480.0,SLOW,,,,N,N,96.0,96.0,0.8865998,Black coal,Tarong North Power Station,Fossil
TOORAWF,VMWT5,VIC1,TOORAWF,TOORAWF,0.9862,1.0037,NON-SCHEDULED,,,,,66.0,21.0,N,GENERATOR,21.0,NOT DISPATCHED,,,N,N,N,,,0.0,Wind,TOORA WIND FARM,Wind
TORNL1,STSYL,SA1,TORRIS,TIPSCO,1.0,1.0,NON-SCHEDULED,,,,,275.0,100.0,N,GENERATOR,100.0,NOT DISPATCHED,,,Y,N,N,,,0.59304109,Natural Gas (Pipeline),TORRENS ISLAND POWER STATION,Fossil
TORRB1,STSB1,SA1,TORRIS,TIPSCO,0.9992,1.0,SCHEDULED,3.0,3.0,20.0,20.0,275.0,200.0,Y,GENERATOR,210.0,SLOW,,,,N,N,20.0,20.0,0.59304109,Natural Gas (Pipeline),TORRENS ISLAND POWER STATION,Fossil
TORRB2,STSB2,SA1,TORRIS,TIPSCO,0.9992,1.0,SCHEDULED,3.0,3.0,20.0,20.0,275.0,200.0,Y,GENERATOR,210.0,SLOW,,,,N,N,20.0,20.0,0.59304109,Natural Gas (Pipeline),TORRENS ISLAND POWER STATION,Fossil
TORRB3,STSB3,SA1,TORRIS,TIPSCO,0.9992,1.0,SCHEDULED,3.0,3.0,20.0,20.0,275.0,200.0,Y,GENERATOR,210.0,SLOW,,,,N,N,20.0,20.0,0.59304109,Natural Gas (Pipeline),TORRENS ISLAND POWER STATION,Fossil
TORRB4,STSB4,SA1,TORRIS,TIPSCO,0.9992,1.0,SCHEDULED,3.0,3.0,20.0,20.0,275.0,200.0,Y,GENERATOR,210.0,SLOW,,,,N,N,20.0,20.0,0.59304109,Natural Gas (Pipeline),TORRENS ISLAND POWER STATION,Fossil
TOWER,NLP11T,NSW1,TOWER,EDLGRPOP,1.001,1.0028,NON-SCHEDULED,,,0.0,0.0,66.0,41.0,N,GENERATOR,41.0,NOT DISPATCHED,,,,N,N,0.0,0.0,0.56318004,Coal seam methane,Tower Power Plant,Fossil
TREVALLN,TTR11,TAS1,TREVALLN,HYDROTAS,0.9852,1.0,SCHEDULED,4.0,4.0,60.0,60.0,110.0,93.0,Y,GENERATOR,107.0,SLOW,,,,N,N,60.0,60.0,0.0,Hydro,Trevallyn Power Station,Hydro
TRIBNL1,TNT31,TAS1,TRIBUTE,HYDROTAS,0.9586,1.0,NON-SCHEDULED,,,,,220.0,25.0,N,GENERATOR,30.0,NOT DISPATCHED,,,N,N,N,,,0.0,Hydro,Tribute Power Station,Hydro
TRIBUTE,TTI11,TAS1,TRIBUTE,HYDROTAS,0.9265,1.0,SCHEDULED,2.0,2.0,40.0,40.0,220.0,83.0,Y,GENERATOR,92.0,SLOW,,,,N,N,40.0,40.0,0.0,Hydro,Tribute Power Station,Hydro
TULLYSM1,QTLL1T,QLD1,TULLYSM,TULLYSL,1.023,0.985,NON-SCHEDULED,,,0.0,0.0,22.0,32.0,N,GENERATOR,10.0,NOT DISPATCHED,,,,N,N,0.0,0.0,,,Tully Sugar Mill,
TUMT3NL1,NTU2L1,NSW1,SNOWY1,SNOWY,0.9673,1.0,NON-SCHEDULED,,,,,330.0,25.0,N,GENERATOR,30.0,NOT DISPATCHED,,,N,N,N,,,0.0,Hydro,Tumut 3 Power Station,Hydro
TUMT3NL2,NTU2L2,NSW1,SNOWY1,SNOWY,0.9673,1.0,NON-SCHEDULED,,,,,330.0,25.0,N,GENERATOR,30.0,NOT DISPATCHED,,,N,N,N,,,0.0,Hydro,Tumut 3 Power Station,Hydro
TUMT3NL3,NTU2L3,NSW1,SNOWY1,SNOWY,0.9673,1.0,NON-SCHEDULED,,,,,330.0,25.0,N,GENERATOR,30.0,NOT DISPATCHED,,,N,N,N,,,0.0,Hydro,Tumut 3 Power Station,Hydro
TUMUT1-1,NUTS11,NSW1,TUMUT1,SNOWY,0.9768,1.0,NON-SCHEDULED,,,,,330.0,82.4,N,GENERATOR,82.4,NOT DISPATCHED,,,,N,N,,,,,TUMUT1,
TUMUT1-2,NUTS12,NSW1,TUMUT1,SNOWY,0.9768,1.0,NON-SCHEDULED,,,,,330.0,82.4,N,GENERATOR,82.4,NOT DISPATCHED,,,,N,N,,,,,TUMUT1,
TUMUT1-3,NUTS13,NSW1,TUMUT1,SNOWY,0.9768,1.0,NON-SCHEDULED,,,,,330.0,82.4,N,GENERATOR,82.4,NOT DISPATCHED,,,,N,N,,,,,TUMUT1,
TUMUT1-4,NUTS14,NSW1,TUMUT1,SNOWY,0.9768,1.0,NON-SCHEDULED,,,,,330.0,82.4,N,GENERATOR,82.4,NOT DISPATCHED,,,,N,N,,,,,TUMUT1,
TUMUT2-1,NUTS21,NSW1,TUMUT2,SNOWY,0.9768,1.0,NON-SCHEDULED,,,,,330.0,71.6,N,GENERATOR,71.6,NOT DISPATCHED,,,,N,N,,,,,TUMUT2,
TUMUT2-2,NUTS22,NSW1,TUMUT2,SNOWY,0.9768,1.0,NON-SCHEDULED,,,,,330.0,71.6,N,GENERATOR,71.6,NOT DISPATCHED,,,,N,N,,,,,TUMUT2,
TUMUT2-3,NUTS23,NSW1,TUMUT2,SNOWY,0.9768,1.0,NON-SCHEDULED,,,,,330.0,71.6,N,GENERATOR,71.6,NOT DISPATCHED,,,,N,N,,,,,TUMUT2,
TUMUT2-4,NUTS24,NSW1,TUMUT2,SNOWY,0.9768,1.0,NON-SCHEDULED,,,,,330.0,71.6,N,GENERATOR,71.6,NOT DISPATCHED,,,,N,N,,,,,TUMUT2,
TUMUT3,NLTS8,NSW1,SNOWY1,SNOWY,0.9144,1.0,SCHEDULED,18.0,18.0,360.0,360.0,330.0,1500.0,Y,GENERATOR,1800.0,FAST,,,,N,N,360.0,360.0,0.0,Hydro,Tumut 3 Power Station,Hydro
TUMUT3-1,NLTS31,NSW1,TUMUT3,SNOWY,1.0092,1.0,NON-SCHEDULED,,,,,330.0,250.0,N,GENERATOR,300.0,NOT DISPATCHED,,,,N,N,,,,,TUMUT3,
TUMUT3-2,NLTS32,NSW1,TUMUT3,SNOWY,1.0092,1.0,NON-SCHEDULED,,,,,330.0,250.0,N,GENERATOR,300.0,NOT DISPATCHED,,,,N,N,,,,,TUMUT3,
TUMUT3-3,NLTS33,NSW1,TUMUT3,SNOWY,1.0092,1.0,NON-SCHEDULED,,,,,330.0,250.0,N,GENERATOR,300.0,NOT DISPATCHED,,,,N,N,,,,,TUMUT3,
TUMUT3-4,NLTS34,NSW1,TUMUT3,SNOWY,1.0092,1.0,NON-SCHEDULED,,,,,330.0,250.0,N,GENERATOR,300.0,NOT DISPATCHED,,,,N,N,,,,,TUMUT3,
TUMUT3-5,NLTS35,NSW1,TUMUT3,SNOWY,1.0092,1.0,NON-SCHEDULED,,,,,330.0,250.0,N,GENERATOR,250.0,NOT DISPATCHED,,,,N,N,,,,,TUMUT3,
TUMUT3-6,NLTS36,NSW1,TUMUT3,SNOWY,1.0092,1.0,NON-SCHEDULED,,,,,330.0,250.0,N,GENERATOR,300.0,NOT DISPATCHED,,,,N,N,,,,,TUMUT3,
TUNGATIN,TTU11,TAS1,TUNGATIN,HYDROTAS,0.9061,1.0,SCHEDULED,5.0,5.0,75.0,75.0,110.0,125.0,Y,GENERATOR,142.0,SLOW,,,,N,N,75.0,75.0,0.0,Hydro,Tungatinah Power Station,Hydro
TVCC201,TTV11A,TAS1,TVCCPS,HYDROTAS,1.0,1.0,SCHEDULED,5.0,5.0,9.0,9.0,220.0,208.0,Y,GENERATOR,208.0,SLOW,,,,N,N,9.0,9.0,0.6187694,Natural Gas (Pipeline),Tamar Valley Combined Cycle Power Station,Fossil
TVPP104,TBB14A,TAS1,BBP31,HYDROTAS,0.9986,1.0,SCHEDULED,1.0,1.0,10.0,10.0,110.0,58.0,Y,GENERATOR,58.0,FAST,,,,N,N,10.0,10.0,0.6187694,Natural Gas (Pipeline),Bell Bay Three Power Station,Fossil
UPPTUMUT,NUTS8,NSW1,SNOWY2,SNOWY,0.9408,1.0,SCHEDULED,16.0,16.0,320.0,320.0,330.0,616.0,Y,GENERATOR,665.0,FAST,,,,N,N,320.0,320.0,0.0,Hydro,Tumut Power Station,Hydro
URANQ11,NURQ1U,NSW1,URANQ,BORAL,0.8729,1.0,SCHEDULED,3.0,3.0,34.0,34.0,132.0,166.0,Y,GENERATOR,173.0,FAST,,,,N,N,34.0,34.0,0.56421963,Natural Gas (Pipeline),Uranquinty Power Station,Fossil
URANQ12,NURQ2U,NSW1,URANQ,BORAL,0.8729,1.0,SCHEDULED,3.0,3.0,34.0,34.0,132.0,166.0,Y,GENERATOR,173.0,FAST,,,,N,N,34.0,34.0,0.56421963,Natural Gas (Pipeline),Uranquinty Power Station,Fossil
URANQ13,NURQ3U,NSW1,URANQ,BORAL,0.8729,1.0,SCHEDULED,3.0,3.0,34.0,34.0,132.0,166.0,Y,GENERATOR,173.0,FAST,,,,N,N,34.0,34.0,0.56421963,Natural Gas (Pipeline),Uranquinty Power Station,Fossil
URANQ14,NURQ4U,NSW1,URANQ,BORAL,0.8729,1.0,SCHEDULED,3.0,3.0,34.0,34.0,132.0,166.0,Y,GENERATOR,173.0,FAST,,,,N,N,34.0,34.0,0.56421963,Natural Gas (Pipeline),Uranquinty Power Station,Fossil
VALDORA1,QPWD1S,QLD1,VALDORA,DIAMOND,1.0144,1.01739,NON-SCHEDULED,,,0.0,0.0,33.0,15.0,N,GENERATOR,15.0,NOT DISPATCHED,,,,Y,N,0.0,0.0,0.0,Solar,SCSF,Solar
VICMILL1,QING1S,QLD1,VICMILL,SUCROGEN,1.1403,1.0,NON-SCHEDULED,,,0.0,0.0,66.0,24.0,N,GENERATOR,24.0,NOT DISPATCHED,,,,N,N,0.0,0.0,0.02008064,Biomass and industrial materials,Victoria Mill,Biofuel
VP5,NVPP5,NSW1,VP,DELTA,0.9868,1.0,SCHEDULED,3.0,3.0,25.0,25.0,330.0,660.0,Y,GENERATOR,680.0,SLOW,,,,N,N,25.0,25.0,0.94470328,Black coal,"Vales Point ""B"" Power Station",Fossil
VP6,NVPP6,NSW1,VP,DELTA,0.9868,1.0,SCHEDULED,3.0,3.0,25.0,25.0,330.0,660.0,Y,GENERATOR,680.0,SLOW,,,,N,N,25.0,25.0,0.94470328,Black coal,"Vales Point ""B"" Power Station",Fossil
VPGS1,VLYP07,VIC1,VPGS,SNOWY,0.9815,1.0,SCHEDULED,1.0,1.0,11.0,11.0,500.0,50.0,N,GENERATOR,60.0,FAST,,,,N,N,11.0,11.0,0.80578374,Natural Gas (Pipeline),Valley Power Peaking Facility,Fossil
VPGS2,VLYP08,VIC1,VPGS,SNOWY,0.9815,1.0,SCHEDULED,1.0,1.0,11.0,11.0,500.0,50.0,N,GENERATOR,60.0,FAST,,,,N,N,11.0,11.0,0.80578374,Natural Gas (Pipeline),Valley Power Peaking Facility,Fossil
VPGS3,VLYP09,VIC1,VPGS,SNOWY,0.9815,1.0,SCHEDULED,1.0,1.0,11.0,11.0,500.0,50.0,N,GENERATOR,60.0,FAST,,,,N,N,11.0,11.0,0.80578374,Natural Gas (Pipeline),Valley Power Peaking Facility,Fossil
VPGS4,VLYP010,VIC1,VPGS,SNOWY,0.9815,1.0,SCHEDULED,1.0,1.0,11.0,11.0,500.0,50.0,N,GENERATOR,60.0,FAST,,,,N,N,11.0,11.0,0.80578374,Natural Gas (Pipeline),Valley Power Peaking Facility,Fossil
VPGS5,VLYP011,VIC1,VPGS,SNOWY,0.9815,1.0,SCHEDULED,1.0,1.0,11.0,11.0,500.0,50.0,N,GENERATOR,60.0,FAST,,,,N,N,11.0,11.0,0.80578374,Natural Gas (Pipeline),Valley Power Peaking Facility,Fossil
VPGS6,VLYP012,VIC1,VPGS,SNOWY,0.9815,1.0,SCHEDULED,1.0,1.0,11.0,11.0,500.0,50.0,N,GENERATOR,60.0,FAST,,,,N,N,11.0,11.0,0.80578374,Natural Gas (Pipeline),Valley Power Peaking Facility,Fossil
VPNL1,NVPPL,NSW1,VP,DELTA,0.9868,1.0,NON-SCHEDULED,,,,,330.0,25.0,N,GENERATOR,30.0,NOT DISPATCHED,,,N,N,N,,,0.94470328,Black coal,"Vales Point ""B"" Power Station",Fossil
W/HOE#1,QWIV1,QLD1,WIVENHOE,CLEANCO,0.9913,1.0,SCHEDULED,3.0,3.0,300.0,300.0,275.0,285.0,Y,GENERATOR,285.0,FAST,,,,N,N,300.0,300.0,0.0,Hydro,WIVENHOE POWER STATION,Hydro
W/HOE#2,QWIV2,QLD1,WIVENHOE,CLEANCO,0.9913,1.0,SCHEDULED,3.0,3.0,300.0,300.0,275.0,285.0,Y,GENERATOR,285.0,FAST,,,,N,N,300.0,300.0,0.0,Hydro,WIVENHOE POWER STATION,Hydro
WAGGNSF1,NWGG1W,NSW1,WAGGNSF,WAGGAOPS,0.9183,1.0,SEMI-SCHEDULED,1.0,1.0,10.0,10.0,66.0,55.0,Y,GENERATOR,48.0,SLOW,,,,Y,Y,10.0,10.0,0.0,Solar,Wagga North Solar Farm,Solar
WAMBOWF1,QDMW1W,QLD1,WAMBOWF1,STANWAM1,0.967,1.0,SEMI-SCHEDULED,42.0,42.0,49.0,49.0,275.0,252.0,Y,GENERATOR,245.0,SLOW,,,,Y,Y,49.0,49.0,0.0,Wind,Wambo Wind Farm 1,Wind
WANDSF1,QWSR1W,QLD1,WANDSF,WANDOAN,0.9975,1.0,SEMI-SCHEDULED,3.0,3.0,25.0,25.0,275.0,159.0,Y,GENERATOR,125.0,SLOW,,,,Y,Y,25.0,25.0,0.0,Solar,Wandoan Solar Farm 1,Solar
WARWSF1,QMRY3W,QLD1,WARWSF1,UNIQLDSF,0.9888,0.995,SEMI-SCHEDULED,1.0,1.0,7.0,7.0,33.0,39.0,N,GENERATOR,32.0,SLOW,,,,Y,Y,7.0,7.0,0.0,Solar,WARWICK SOLAR FARM 1,Solar
WARWSF2,QMRY4W,QLD1,WARWSF2,UNIQLDSF,0.9888,0.994,SEMI-SCHEDULED,1.0,1.0,7.0,7.0,33.0,39.0,N,GENERATOR,32.0,SLOW,,,,Y,Y,7.0,7.0,0.0,Solar,WARWICK SOLAR FARM 2,Solar
WATERLWF,SWLE,SA1,WATERLWF,WATERLWF,0.9624,1.0,SEMI-SCHEDULED,3.0,3.0,27.0,27.0,132.0,130.0,N,GENERATOR,130.0,SLOW,,,,Y,Y,27.0,27.0,0.0,Wind,Waterloo Wind Farm,Wind
WAUBRAWF,VWBT1A,VIC1,WAUBRAWF,PYRENEES,0.9329,1.0,NON-SCHEDULED,,,,,220.0,192.0,Y,GENERATOR,192.0,NOT DISPATCHED,,,N,Y,N,,,0.0,Wind,WAUBRA WIND FARM,Wind
WDGPH1,QWDR1W,QLD1,WDGPH,WDOWNS,0.9767,1.0,SEMI-SCHEDULED,80.0,80.0,80.0,80.0,275.0,501.0,Y,GENERATOR,400.0,SLOW,,,,Y,Y,80.0,80.0,0.0,Solar,Western Downs GPH,Solar
WDLNGN01,NMR21W,NSW1,WDLNGN,EASTENGY,0.9971,1.0,NON-SCHEDULED,,,0.0,0.0,11.0,7.0,N,GENERATOR,7.0,NOT DISPATCHED,,,,N,N,0.0,0.0,0.0717325,Landfill biogas methane,Woodlawn Bioreactor Energy Generation Station,Biofuel
WELLSF1,NWLS4W,NSW1,WELLINSF,LIGHTSRC,0.923,1.0,SEMI-SCHEDULED,3.0,3.0,34.0,34.0,132.0,216.0,N,GENERATOR,170.0,SLOW,,,,Y,Y,34.0,34.0,0.0,Solar,Wellington Solar Farm,Solar
WELNSF1,NWLN1W,NSW1,WELLNTH,WELLNTH,0.9339,1.0,SEMI-SCHEDULED,3.0,3.0,66.0,66.0,330.0,436.0,Y,GENERATOR,330.0,SLOW,,,,Y,Y,66.0,66.0,0.0,Solar,Wellington North Solar Farm,Solar
WEMENSF1,VWES2W,VIC1,WEMENSF1,WEMENSF,0.8986,0.9983,SEMI-SCHEDULED,2.0,2.0,90.0,90.0,66.0,97.0,N,GENERATOR,88.0,SLOW,,,,Y,Y,90.0,90.0,0.0,Solar,Wemen Solar Farm,Solar
WESTILL1,NDT14E,NSW1,WESTILLA,RESPONSE,0.9934,1.0,NON-SCHEDULED,,,,,1.0,1.0,N,GENERATOR,1.0,NOT DISPATCHED,,,N,N,N,,,0.8119863,Diesel oil,West Illawarra Leagues Club Plant,Fossil
WGWF1,SWGL1W,SA1,WGWF,WGWF,0.9601,1.0,SEMI-SCHEDULED,3.0,3.0,25.0,25.0,275.0,122.0,N,GENERATOR,121.0,SLOW,,,,Y,Y,25.0,25.0,0.0,Wind,Willogoleche Wind Farm,Wind
WHILL1,QTUL,QLD1,WINDHILL,WHILL1,1.0128,0.996,NON-SCHEDULED,,,,,22.0,12.0,N,GENERATOR,12.0,NOT DISPATCHED,,,N,N,N,,,0.0,Wind,Windy Hill Wind Farm,Wind
WHITSF1,QSLS1W,QLD1,WHITSF,WSUNDAY,0.9398,1.0,SEMI-SCHEDULED,1.0,1.0,20.0,20.0,33.0,57.0,N,GENERATOR,56.0,SLOW,,,,Y,Y,20.0,20.0,0.0,Solar,Whitsunday Solar Farm,Solar
WILGAPK,NNB21W,NSW1,WILGAPK,NARRABRI,0.962,0.9936,NON-SCHEDULED,,,0.0,0.0,66.0,10.0,N,GENERATOR,10.0,NOT DISPATCHED,,,,N,N,0.0,0.0,0.56318004,Coal Seam Methane,Wilga Park Power Station,
WILGB01,NNB22W,NSW1,WILGAPKB,NARRABRI,0.962,0.9936,NON-SCHEDULED,,,0.0,0.0,66.0,12.0,N,GENERATOR,12.0,NOT DISPATCHED,,,,N,N,0.0,0.0,0.56318004,Coal seam methane,Wilga Park B,Fossil
WILLHOV1,VW061W,VIC1,WILLHOV,PACHYDIN,1.0135,1.0,NON-SCHEDULED,,,0.0,0.0,22.0,2.0,N,GENERATOR,2.0,,,,,Y,N,0.0,0.0,0.0,Hydro,William Hovell Power Station,Hydro
WINGF1_1,SKLB1W,SA1,WINGF1,EDLLFGS,1.0013,1.0,NON-SCHEDULED,,,0.0,0.0,11.0,5.0,N,GENERATOR,5.0,NOT DISPATCHED,,,,N,N,0.0,0.0,0.0717325,Landfill biogas methane,Wingfield 1 Landfill Gas Power Station,Biofuel
WINGF2_1,SNBN2W,SA1,WINGF2,EDLLFGS,1.0005,1.0,NON-SCHEDULED,,,0.0,0.0,11.0,5.0,N,GENERATOR,5.0,NOT DISPATCHED,,,,N,N,0.0,0.0,0.0717325,Landfill biogas methane,Wingfield 2 Landfill Gas Power Station,Biofuel
WINTSF1,VGNS2W,VIC1,WINTONSF,WINTONSF,0.9402,0.9999,SEMI-SCHEDULED,2.0,2.0,17.0,17.0,66.0,107.0,Y,GENERATOR,85.0,SLOW,,,,Y,Y,17.0,17.0,0.0,Solar,Winton Solar Farm,Solar
WKIEWA1,VWKP1,VIC1,WKIEWA,SOUTHHYD,1.0038,1.0,SCHEDULED,2.0,2.0,15.0,15.0,220.0,31.0,Y,GENERATOR,34.0,FAST,,,,N,N,15.0,15.0,0.0,Hydro,WEST KIEWA POWER STATION,Hydro
WKIEWA2,VWKP2,VIC1,WKIEWA,SOUTHHYD,1.0038,1.0,SCHEDULED,2.0,2.0,15.0,15.0,220.0,31.0,Y,GENERATOR,34.0,FAST,,,,N,N,15.0,15.0,0.0,Hydro,WEST KIEWA POWER STATION,Hydro
WLWLSF1,NWLA1W,NSW1,WLWLSF1,WLWLSF1,0.9298,1.0,SEMI-SCHEDULED,30.0,30.0,30.0,30.0,330.0,201.0,Y,GENERATOR,150.0,SLOW,,,,Y,Y,30.0,30.0,0.0,Solar,Walla Walla Solar Farm 1,Solar
WLWLSF2,NWL21W,NSW1,WLWLSF2,WLWLSF2,0.9298,1.0,SEMI-SCHEDULED,30.0,30.0,30.0,30.0,330.0,201.0,Y,GENERATOR,150.0,SLOW,,,,Y,Y,30.0,30.0,0.0,Solar,Walla Walla Solar Farm 2,Solar
WNSF1,VGNW1W,VIC1,WNSF,CPEMGEN,0.9519,1.0077,NON-SCHEDULED,,,0.0,0.0,66.0,26.0,N,GENERATOR,22.0,NOT DISPATCHED,,,,Y,N,0.0,0.0,0.0,Solar,Wangaratta Solar Farm,Solar
WOLARSF1,NWOW1W,NSW1,WOLARSF,WOLLARSF,0.957,1.0,SEMI-SCHEDULED,56.0,56.0,56.0,56.0,330.0,324.0,Y,GENERATOR,280.0,SLOW,,,,Y,Y,56.0,56.0,0.0,Solar,Wollar Solar Farm,Solar
WOLLERT1,VSMT1W,VIC1,WOLLERT,LMSENE,0.9981,1.0,NON-SCHEDULED,,,0.0,0.0,22.0,7.0,N,GENERATOR,7.0,NOT DISPATCHED,,,,N,N,0.0,0.0,0.0717325,Landfill biogas methane,Wollert Renewable Energy Facility,Biofuel
WONWP,VMWT7,VIC1,WONWP,WONTHGWF,0.9862,1.0498,NON-SCHEDULED,,,,,22.0,12.0,N,GENERATOR,12.0,NOT DISPATCHED,,,N,N,N,,,0.0,Wind,Wonthaggi Wind Farm,Wind
WOODLWN1,NCWF2W,NSW1,WOODLWN,WOODLAWN,0.9649,1.0,SEMI-SCHEDULED,1.0,1.0,13.0,13.0,330.0,48.0,N,GENERATOR,48.0,SLOW,,,,Y,Y,13.0,13.0,0.0,Wind,Woodlawn Wind Farm,Wind
WOOLGSF1,QWLS1W,QLD1,WOOLGSF,WOOLOOGA,0.9787,1.0,SEMI-SCHEDULED,3.0,3.0,36.0,36.0,132.0,222.0,Y,GENERATOR,176.0,SLOW,,,,Y,Y,36.0,36.0,0.0,Solar,Woolooga Solar Farm,Solar
WOOLNTH1,TST11,TAS1,WOOLNTH1,HTWIND,0.9224,1.0,NON-SCHEDULED,,,,,110.0,140.0,N,GENERATOR,140.0,NOT DISPATCHED,,,N,Y,N,,,0.0,Wind,Woolnorth Studland Bay / Bluff Point Wind Farm,Wind
WPWF,SSYP1,SA1,WPWF,TIPSCO,0.8456,1.0,SEMI-SCHEDULED,2.0,2.0,19.0,19.0,132.0,91.0,N,GENERATOR,91.0,SLOW,,,,Y,Y,19.0,19.0,0.0,Wind,Wattle Point Wind Farm,Wind
WRSF1,NWRK2W,NSW1,WRSF1,WROCKWF,0.8149,1.0,SEMI-SCHEDULED,1.0,1.0,50.0,50.0,132.0,22.0,N,GENERATOR,20.0,SLOW,,,,Y,Y,50.0,50.0,0.0,Solar,White Rock Solar Farm,Solar
WRWF1,NWRK1W,NSW1,WRWF1,WROCKWF,0.8149,1.0,SEMI-SCHEDULED,3.0,3.0,50.0,50.0,132.0,175.0,N,GENERATOR,172.0,SLOW,,,,Y,Y,50.0,50.0,0.0,Wind,White Rock Wind Farm,Wind
WSTWYSF1,NWGJ3W,NSW1,WSTWYSF,WYALONG,0.922,0.932,SEMI-SCHEDULED,2.0,2.0,18.0,18.0,132.0,105.0,Y,GENERATOR,90.0,SLOW,,,,Y,Y,18.0,18.0,0.0,Solar,West Wyalong Solar Farm,Solar
WUNUSF1,VSHS2W,VIC1,WUNUSF,SUNSPOT3,0.9463,0.9769,SEMI-SCHEDULED,2.0,2.0,15.0,15.0,66.0,93.0,Y,GENERATOR,75.0,SLOW,,,,Y,Y,15.0,15.0,0.0,Solar,Wunghnu Solar Farm,Solar
WYA252B1,TWY22,TAS1,LI_WY_CA,HYDROTAS,0.9919,1.0,NON-SCHEDULED,,,,,11.0,25.0,N,GENERATOR,30.0,NOT DISPATCHED,,,N,N,N,,,0.0,Hydro,Catagunya / Liapootah / Wayatinah Power Station,Hydro
WYANGALA,NCW81A,NSW1,WYANGALA,HYDROPWR,0.9858,1.0,NON-SCHEDULED,,,,,66.0,20.0,N,GENERATOR,20.0,NOT DISPATCHED,,,N,N,N,,,0.0,Hydro,Wyangala A Power Station,Hydro
WYANGALB,NCW82B,NSW1,WYANGALB,HYDROPWR,0.9858,1.0,NON-SCHEDULED,,,,,11.0,4.0,N,GENERATOR,4.0,NOT DISPATCHED,,,N,N,N,,,0.0,Hydro,Wyangala B Power Station,Hydro
WYASF1,NWGJ4W,NSW1,WYASF,WYASF,0.922,0.9397,SEMI-SCHEDULED,1.0,1.0,11.0,11.0,132.0,62.0,Y,GENERATOR,53.0,SLOW,,,,Y,Y,11.0,11.0,0.0,Solar,Wyalong Solar Farm,Solar
WYB252B1,TWY23,TAS1,LI_WY_CA,HYDROTAS,0.9919,1.0,NON-SCHEDULED,,,,,11.0,25.0,N,GENERATOR,30.0,NOT DISPATCHED,,,N,N,N,,,0.0,Hydro,Catagunya / Liapootah / Wayatinah Power Station,Hydro
YABULU,QTYP,QLD1,YABULU,RATCHTOW,0.9508,1.0,SCHEDULED,3.0,3.0,17.0,17.0,132.0,160.0,Y,GENERATOR,174.0,FAST,,,,N,N,17.0,17.0,0.57180919,Natural Gas (Pipeline),Townsville Gas Turbine,Fossil
YABULU2,QGAR1,QLD1,YABULU,RATCHTOW,0.9734,0.99,SCHEDULED,2.0,2.0,10.0,10.0,66.0,82.0,N,GENERATOR,84.0,SLOW,,,,N,N,10.0,10.0,0.57180919,Natural Gas (Pipeline),Townsville Gas Turbine,Fossil
YAMBUKWF,VTGT1,VIC1,YAMBUK,EPVIC1,1.0018,1.0125,NON-SCHEDULED,,,,,66.0,30.0,N,GENERATOR,30.0,NOT DISPATCHED,,,N,N,N,,,0.0,Wind,YAMBUK WIND FARM,Wind
YARANSF1,QMRY1Y,QLD1,YARANSF,YARRANSF,0.9888,0.951,SEMI-SCHEDULED,3.0,3.0,20.0,20.0,110.0,121.0,N,GENERATOR,103.0,SLOW,,,,Y,Y,20.0,20.0,0.0,Solar,Yarranlea Solar Farm,Solar
YARWUN_1,QYAG1R,QLD1,YARWUN,YARWUN,0.9472,1.0,SCHEDULED,3.0,3.0,36.0,36.0,132.0,154.0,N,GENERATOR,180.0,SLOW,,,,N,N,36.0,36.0,0.45880843,Natural Gas (Pipeline),Yarwun Power Station,Fossil
YATSF1,VRCS2Y,VIC1,YATSF,YATSF,0.8895,0.9827,SEMI-SCHEDULED,2.0,2.0,16.0,16.0,66.0,94.0,N,GENERATOR,81.0,SLOW,,,,Y,Y,16.0,16.0,0.0,Solar,Yatpool Solar Farm,Solar
YAWWF1,VBE62Y,VIC1,YAWWF,ALNTARES,1.0166,1.0,NON-SCHEDULED,,,0.0,0.0,22.0,7.0,N,GENERATOR,7.0,NOT DISPATCHED,,,,Y,N,0.0,0.0,0.0,Wind,Yawong Wind Farm,Wind
YENDWF1,VBAW1Y,VIC1,YENDONWF,LALLALWF,0.9537,0.9856,SEMI-SCHEDULED,3.0,3.0,28.0,28.0,66.0,144.0,N,GENERATOR,142.0,SLOW,,,,Y,Y,28.0,28.0,0.0,Wind,Yendon Wind Farm,Wind
YSWF1,VBAT4Y,VIC1,YSWF,YALSTHWF,0.9825,0.9122,NON-SCHEDULED,,,172.0,172.0,66.0,28.0,N,GENERATOR,28.0,NOT DISPATCHED,,,,Y,N,172.0,172.0,0.0,Wind,Yaloak South Wind Farm,Wind
YWNGAHYD,VSHT3Y,VIC1,YWNGAHYD,SOUTHHYD,1.0315,1.0,NON-SCHEDULED,,,0.0,0.0,22.0,9.0,N,GENERATOR,9.0,NOT DISPATCHED,,,,N,N,0.0,0.0,0.0,Hydro,Yarrawonga Hydro Power Station,Hydro
YWNL1,VYP2L,VIC1,YALLOURN,YALLOURN,0.9599,1.0,NON-SCHEDULED,,,,,330.0,25.0,N,GENERATOR,30.0,NOT DISPATCHED,,,N,N,N,,,1.28660187,Brown coal,YALLOURN 'W' POWER STATION,Fossil
YWPS1,VYP21,VIC1,YALLOURN,YALLOURN,0.9674,1.0,SCHEDULED,3.0,3.0,79.0,79.0,220.0,360.0,Y,GENERATOR,395.0,SLOW,,,,N,N,79.0,79.0,1.28660187,Brown coal,YALLOURN 'W' POWER STATION,Fossil
YWPS2,VYP22,VIC1,YALLOURN,YALLOURN,0.9599,1.0,SCHEDULED,3.0,3.0,79.0,79.0,220.0,360.0,Y,GENERATOR,395.0,SLOW,,,,N,N,79.0,79.0,1.28660187,Brown coal,YALLOURN 'W' POWER STATION,Fossil
YWPS3,VYP23,VIC1,YALLOURN,YALLOURN,0.9599,1.0,SCHEDULED,3.0,3.0,81.0,81.0,220.0,380.0,Y,GENERATOR,405.0,SLOW,,,,N,N,81.0,81.0,1.28660187,Brown coal,YALLOURN 'W' POWER STATION,Fossil
YWPS4,VYP24,VIC1,YALLOURN,YALLOURN,0.9599,1.0,SCHEDULED,3.0,3.0,81.0,81.0,220.0,380.0,Y,GENERATOR,405.0,SLOW,,,,N,N,81.0,81.0,1.28660187,Brown coal,YALLOURN 'W' POWER STATION,Fossil
